year,FOD1,wfh,perwt
2012.0,1100,0.1117964533538936,112
2012.0,1101,0.030998920733900946,207
2012.0,1102,0.07156748346946713,31
2012.0,1103,0.02647556484522743,214
2012.0,1104,0.0,44
2012.0,1105,0.030340264650283555,107
2012.0,1106,0.24492979719188768,18
2012.0,1199,0.22659780503550678,19
2012.0,1301,0.01802426343154246,280
2012.0,1302,0.0,45
2012.0,1303,0.025272161741835147,191
2012.0,1401,0.030727106784301794,378
2012.0,1501,0.027137106322519536,391
2012.0,1901,0.025404284727021425,2112
2012.0,1902,0.04142455252392477,699
2012.0,1903,0.03920262012448427,635
2012.0,1904,0.03936311968020015,645
2012.0,2001,0.036870472724776,238
2012.0,2100,0.0330877487095778,377
2012.0,2101,0.0,46
2012.0,2102,0.05829144973592674,1045
2012.0,2105,0.013236068286079566,120
2012.0,2106,0.00986378581493659,114
2012.0,2107,0.02823501141415355,82
2012.0,2201,0.0,92
2012.0,2300,0.01355362443228552,974
2012.0,2301,0.0,7
2012.0,2303,0.0,5
2012.0,2304,0.010227905783085772,1595
2012.0,2305,0.005945984669388925,133
2012.0,2306,0.004045028377912264,285
2012.0,2307,0.02782544741358176,350
2012.0,2308,0.023425863236289778,71
2012.0,2309,0.011356077164306757,199
2012.0,2310,0.01747623463946209,340
2012.0,2311,0.010997386759581881,205
2012.0,2312,0.019590578912612813,141
2012.0,2313,0.014479670686791363,275
2012.0,2314,0.018110320475094966,367
2012.0,2399,0.0492379835873388,98
2012.0,2400,0.02659489984999559,352
2012.0,2401,0.027812267196424136,139
2012.0,2402,0.04584474885844749,53
2012.0,2403,0.0,21
2012.0,2404,0.005470841578395996,80
2012.0,2405,0.011108259705979397,244
2012.0,2406,0.023712930689674876,474
2012.0,2407,0.03441285891443289,380
2012.0,2408,0.021373197022577756,584
2012.0,2409,0.03964321110009911,33
2012.0,2410,0.0,37
2012.0,2411,0.0,4
2012.0,2412,0.02447953663734222,163
2012.0,2413,0.0,32
2012.0,2414,0.01707243494486095,803
2012.0,2415,0.0,6
2012.0,2416,0.08375634517766498,8
2012.0,2417,0.0,13
2012.0,2418,0.0,16
2012.0,2419,0.0,23
2012.0,2499,0.07228099873042743,99
2012.0,2500,0.03344884737080006,60
2012.0,2501,0.0,27
2012.0,2502,0.06369792264432457,69
2012.0,2503,0.0,51
2012.0,2504,0.005096660808435852,52
2012.0,2599,0.006711409395973154,81
2012.0,2601,0.15032133676092546,135
2012.0,2602,0.02804108467773876,656
2012.0,2603,0.012802887094002405,114
2012.0,2901,0.026159294950992503,551
2012.0,3201,0.0,8
2012.0,3202,0.02717180844197754,123
2012.0,3301,0.042418264595906405,1580
2012.0,3302,0.06494894324388506,232
2012.0,3401,0.021542794470096,624
2012.0,3402,0.007914523149980214,64
2012.0,3501,0.0,6
2012.0,3600,0.01968943257307929,1653
2012.0,3601,0.029981064590784767,277
2012.0,3602,0.0,10
2012.0,3603,0.010103989969761782,138
2012.0,3604,0.04814992791926958,98
2012.0,3605,0.013316261203585146,25
2012.0,3606,0.05049442457395329,91
2012.0,3607,0.0,7
2012.0,3608,0.0,128
2012.0,3609,0.053098676293622145,61
2012.0,3611,0.04420016031146227,74
2012.0,3699,0.05039354962564792,97
2012.0,3700,0.016062465142219744,610
2012.0,3701,0.04009163802978236,44
2012.0,3702,0.03416370106761566,52
2012.0,3801,0.0,5
2012.0,4000,0.015198404511381611,122
2012.0,4001,0.014919474360241082,280
2012.0,4002,0.05738803968892464,154
2012.0,4005,0.29013254786450665,7
2012.0,4006,0.035333707234997194,36
2012.0,4007,0.008247263758285802,123
2012.0,4101,0.028179578688058617,1078
2012.0,4801,0.032293075225962566,518
2012.0,4901,0.02724390449201762,339
2012.0,5000,0.0,9
2012.0,5001,0.0,18
2012.0,5002,0.060767590618336885,34
2012.0,5003,0.010317838907439798,455
2012.0,5004,0.033796296296296297,131
2012.0,5005,0.0,17
2012.0,5006,0.0,19
2012.0,5007,0.047422754319306044,226
2012.0,5008,0.0,26
2012.0,5098,0.02899725121947344,442
2012.0,5102,0.0,24
2012.0,5200,0.02561277168018741,2927
2012.0,5201,0.0,16
2012.0,5202,0.0,12
2012.0,5203,0.013082039911308204,34
2012.0,5205,0.050955414012738856,22
2012.0,5206,0.0,11
2012.0,5299,0.01609455551364265,78
2012.0,5301,0.021251482218813574,1514
2012.0,5401,0.0,38
2012.0,5402,0.018164157357940747,78
2012.0,5403,0.005802023632632845,130
2012.0,5404,0.01820345281088867,387
2012.0,5500,0.03810512269256431,126
2012.0,5501,0.03532812038746971,1259
2012.0,5502,0.04760428659994686,396
2012.0,5503,0.018632975822577714,199
2012.0,5504,0.010679611650485437,217
2012.0,5505,0.024894251438873864,273
2012.0,5506,0.03168108558331256,1387
2012.0,5507,0.0230207357030542,1093
2012.0,5599,0.011708482676224612,35
2012.0,5601,0.01500080866893094,227
2012.0,5701,0.006490384615384616,27
2012.0,5901,0.011034413261450094,169
2012.0,6000,0.0563668885568084,696
2012.0,6001,0.028489214116929645,454
2012.0,6002,0.04874978143031999,537
2012.0,6003,0.0042398831676638245,181
2012.0,6004,0.04365463654179026,1102
2012.0,6005,0.07330314888037533,408
2012.0,6006,0.03823099070184547,196
2012.0,6007,0.03015075376884422,202
2012.0,6099,0.03324675324675325,63
2012.0,6100,0.0050112139052425,233
2012.0,6102,0.006796416434970652,145
2012.0,6103,0.03559780076414127,181
2012.0,6104,0.0,91
2012.0,6105,0.0029396325459317583,168
2012.0,6106,0.0,70
2012.0,6107,0.004052370272394425,2252
2012.0,6108,0.012193572970913247,55
2012.0,6109,0.020741853478160387,280
2012.0,6110,0.03157132512671977,195
2012.0,6199,0.028689501708654534,108
2012.0,6200,0.021202457107178777,1954
2012.0,6201,0.018459341156162018,1690
2012.0,6202,0.010658140154543033,30
2012.0,6203,0.030979122063652123,3514
2012.0,6204,0.03576785508249683,150
2012.0,6205,0.020926177097461734,156
2012.0,6206,0.025663142628143964,2199
2012.0,6207,0.02836653151782296,1746
2012.0,6209,0.02427442637896976,223
2012.0,6210,0.07366874770473743,251
2012.0,6211,0.01770890979524073,451
2012.0,6212,0.04170673076923077,224
2012.0,6299,0.02923576063446287,254
2012.0,6402,0.023559184165336065,1157
2012.0,6403,0.0026746907388833165,23
2013.0,1100,0.042813036020583194,120
2013.0,1101,0.021838331160365057,199
2013.0,1102,0.21518544436669,34
2013.0,1103,0.033097928436911485,222
2013.0,1104,0.02988338192419825,39
2013.0,1105,0.007697241821680564,120
2013.0,1106,0.05243161094224924,13
2013.0,1199,0.023624595469255664,37
2013.0,1301,0.018584945629148426,332
2013.0,1302,0.012224352828379675,50
2013.0,1303,0.01627445421037709,196
2013.0,1401,0.024280793673895115,411
2013.0,1501,0.025335492827394723,433
2013.0,1901,0.03302002738988447,2236
2013.0,1902,0.048979129427758616,695
2013.0,1903,0.036289108967652244,663
2013.0,1904,0.033713854217563184,614
2013.0,2001,0.046539122957867586,255
2013.0,2100,0.030660328826882317,429
2013.0,2101,0.027856916745805635,58
2013.0,2102,0.04128274833401496,1081
2013.0,2105,0.01341609931918302,140
2013.0,2106,0.045919134225161584,129
2013.0,2107,0.005716661469701694,85
2013.0,2201,0.007759836965041542,104
2013.0,2300,0.014110555033988155,992
2013.0,2301,0.0,9
2013.0,2303,0.0,2
2013.0,2304,0.02214754949990465,1562
2013.0,2305,0.02764552296114268,141
2013.0,2306,0.01449427214305672,265
2013.0,2307,0.01115894414863487,345
2013.0,2308,0.017584833081467233,77
2013.0,2309,0.009480993501290839,209
2013.0,2310,0.009690644800596348,311
2013.0,2311,0.01958581615707727,215
2013.0,2312,0.008288833984219335,124
2013.0,2313,0.018286573146292586,266
2013.0,2314,0.0175139799596923,352
2013.0,2399,0.053907528641571195,109
2013.0,2400,0.02346938775510204,441
2013.0,2401,0.0,128
2013.0,2402,0.04882029974773705,64
2013.0,2403,0.042666666666666665,22
2013.0,2404,0.08867491976157726,99
2013.0,2405,0.011218850316047259,279
2013.0,2406,0.0196776052950647,500
2013.0,2407,0.035932332739760875,445
2013.0,2408,0.012314681970349114,661
2013.0,2409,0.0,31
2013.0,2410,0.0,69
2013.0,2411,0.0,5
2013.0,2412,0.05730766819236316,149
2013.0,2413,0.01343201754385965,35
2013.0,2414,0.014920190544397062,890
2013.0,2415,0.0,6
2013.0,2416,0.0,6
2013.0,2417,0.21134453781512605,20
2013.0,2418,0.04419410745233969,14
2013.0,2419,0.0,24
2013.0,2499,0.005480975454762094,115
2013.0,2500,0.06938907445318393,78
2013.0,2501,0.0,23
2013.0,2502,0.05590391239070917,99
2013.0,2503,0.01687956204379562,49
2013.0,2504,0.03985910270671116,56
2013.0,2599,0.030007694280584765,115
2013.0,2601,0.08541846419327007,148
2013.0,2602,0.029948460788410642,616
2013.0,2603,0.05073129962390305,117
2013.0,2901,0.021092436974789915,559
2013.0,3201,0.0,9
2013.0,3202,0.034812245146369665,141
2013.0,3301,0.04090245818834886,1634
2013.0,3302,0.03195300186273105,209
2013.0,3401,0.03476808227402051,638
2013.0,3402,0.04303249097472924,67
2013.0,3501,0.09314586994727592,6
2013.0,3600,0.016561900832463654,1847
2013.0,3601,0.010785226567349473,228
2013.0,3602,0.0,7
2013.0,3603,0.028536306962858898,102
2013.0,3604,0.024536532170119956,131
2013.0,3605,0.0,25
2013.0,3606,0.020766773162939296,89
2013.0,3607,0.3303249097472924,6
2013.0,3608,0.026828015297676807,160
2013.0,3609,0.0,70
2013.0,3611,0.019402153731897513,101
2013.0,3699,0.015259895088221268,99
2013.0,3700,0.0263802796597953,651
2013.0,3701,0.010575139146567719,53
2013.0,3702,0.0,53
2013.0,3801,0.0,1
2013.0,4000,0.031564070351758795,145
2013.0,4001,0.01913536498936924,303
2013.0,4002,0.032769953051643194,185
2013.0,4005,0.0,5
2013.0,4006,0.018797987821021975,37
2013.0,4007,0.012035231627781886,138
2013.0,4101,0.023442235422475453,1165
2013.0,4801,0.03157414322462866,481
2013.0,4901,0.030113960113960114,337
2013.0,5000,0.07704160246533127,9
2013.0,5001,0.052941176470588235,14
2013.0,5002,0.018635926993275695,42
2013.0,5003,0.021253425138762033,491
2013.0,5004,0.015298923134051245,135
2013.0,5005,0.02541371158392435,18
2013.0,5006,0.03443983402489627,23
2013.0,5007,0.03662836520512714,218
2013.0,5008,0.0,27
2013.0,5098,0.020345796836187736,431
2013.0,5102,0.0,22
2013.0,5200,0.0233459158782383,3236
2013.0,5201,0.04830569574621485,15
2013.0,5202,0.0,17
2013.0,5203,0.0,37
2013.0,5205,0.0,24
2013.0,5206,0.0,5
2013.0,5299,0.0,69
2013.0,5301,0.01968601779831746,1689
2013.0,5401,0.00824014125956445,56
2013.0,5402,0.030615586116568436,62
2013.0,5403,0.017673937408397275,127
2013.0,5404,0.04697986577181208,393
2013.0,5500,0.01851386971256433,131
2013.0,5501,0.029792659644063496,1293
2013.0,5502,0.03157103482836382,410
2013.0,5503,0.007799080822617334,197
2013.0,5504,0.01950012373174957,192
2013.0,5505,0.04506470633279731,257
2013.0,5506,0.0322882066059404,1522
2013.0,5507,0.03166338969720802,1111
2013.0,5599,0.028449197860962568,45
2013.0,5601,0.0023347211953772522,222
2013.0,5701,0.07451923076923077,23
2013.0,5901,0.023297390915693616,164
2013.0,6000,0.030686403330271284,719
2013.0,6001,0.01566565578624365,480
2013.0,6002,0.04663515573278317,562
2013.0,6003,0.043467449147063214,189
2013.0,6004,0.04861014313068102,1173
2013.0,6005,0.037177862272919304,429
2013.0,6006,0.04512997619825454,214
2013.0,6007,0.014419460001671821,220
2013.0,6099,0.010964148973198747,61
2013.0,6100,0.02459856508370345,282
2013.0,6102,0.014875727617111707,192
2013.0,6103,0.03173782208012037,199
2013.0,6104,0.02874721544499841,97
2013.0,6105,0.0,179
2013.0,6106,0.020831037143172047,75
2013.0,6107,0.005341177661012294,2468
2013.0,6108,0.00802407221664995,70
2013.0,6109,0.004759940342081046,269
2013.0,6110,0.00541433422042764,203
2013.0,6199,0.005664455541477231,123
2013.0,6200,0.03372748733076437,2089
2013.0,6201,0.02594059992886219,1754
2013.0,6202,0.03364293085655315,46
2013.0,6203,0.02435223390567461,3363
2013.0,6204,0.0055917132642772024,183
2013.0,6205,0.02672028017381153,160
2013.0,6206,0.03390539172062479,2190
2013.0,6207,0.02993683054106015,1749
2013.0,6209,0.011483453387618749,236
2013.0,6210,0.029859428017450316,259
2013.0,6211,0.0253170828378914,510
2013.0,6212,0.05429968806562175,233
2013.0,6299,0.040319843095839775,241
2013.0,6402,0.02670383583006148,1333
2013.0,6403,0.01791277258566978,18
2014.0,1100,0.03876665169884748,112
2014.0,1101,0.015339265243736012,207
2014.0,1102,0.013805309734513275,33
2014.0,1103,0.028361294044128252,220
2014.0,1104,0.020493956910141883,57
2014.0,1105,0.008051375443304898,109
2014.0,1106,0.031767955801104975,28
2014.0,1199,0.07392651615759185,23
2014.0,1301,0.025954791560443828,396
2014.0,1302,0.0,62
2014.0,1303,0.04864444156181087,229
2014.0,1401,0.034831012474615605,447
2014.0,1501,0.04870838639257777,420
2014.0,1901,0.03972141665790146,2214
2014.0,1902,0.04993035098536229,765
2014.0,1903,0.05288070408993418,726
2014.0,1904,0.034667058218926655,611
2014.0,2001,0.04284589957500393,288
2014.0,2100,0.04257560975609756,431
2014.0,2101,0.05654841291010936,62
2014.0,2102,0.06589874724346644,1131
2014.0,2105,0.048935338933385426,183
2014.0,2106,0.03874306839186691,120
2014.0,2107,0.024699352451433856,101
2014.0,2201,0.04476652863058689,104
2014.0,2300,0.013732129420617006,1074
2014.0,2301,0.0,3
2014.0,2303,0.0,4
2014.0,2304,0.017335029125940708,1509
2014.0,2305,0.01936309809569531,135
2014.0,2306,0.01864066532836249,265
2014.0,2307,0.028017407874745708,343
2014.0,2308,0.014308426073131956,75
2014.0,2309,0.0053122289679098005,194
2014.0,2310,0.04060502888398962,358
2014.0,2311,0.00379020692481049,211
2014.0,2312,0.02470769909552173,146
2014.0,2313,0.042431108837073316,254
2014.0,2314,0.043164144598570826,356
2014.0,2399,0.004264998578333807,109
2014.0,2400,0.014796607686422606,430
2014.0,2401,0.048511188112997004,148
2014.0,2402,0.03339167900902114,73
2014.0,2403,0.0,21
2014.0,2404,0.011420778999403393,108
2014.0,2405,0.01370262390670554,308
2014.0,2406,0.015301255389781356,499
2014.0,2407,0.02152139187497302,402
2014.0,2408,0.018270644449889732,611
2014.0,2409,0.014690982776089158,36
2014.0,2410,0.0,58
2014.0,2411,0.03812316715542522,10
2014.0,2412,0.01676159479251424,175
2014.0,2413,0.03346303501945525,44
2014.0,2414,0.014372206730585584,1016
2014.0,2415,0.0,2
2014.0,2416,0.0,7
2014.0,2417,0.0,11
2014.0,2418,0.0,11
2014.0,2419,0.0,35
2014.0,2499,0.030834429343855035,113
2014.0,2500,0.013042943275501415,77
2014.0,2501,0.0,24
2014.0,2502,0.07012361886008095,77
2014.0,2503,0.021093338020741783,50
2014.0,2504,0.0,58
2014.0,2599,0.016161736641221374,160
2014.0,2601,0.0550212079574646,168
2014.0,2602,0.040670634303566634,670
2014.0,2603,0.04587663735317631,157
2014.0,2901,0.025290509276703493,615
2014.0,3201,0.0,5
2014.0,3202,0.028462998102466792,127
2014.0,3301,0.03650289500478702,1769
2014.0,3302,0.05153049988989209,243
2014.0,3401,0.04402800933644548,606
2014.0,3402,0.01656346749226006,62
2014.0,3501,0.0,10
2014.0,3600,0.022647777325387718,1922
2014.0,3601,0.004609650843468027,254
2014.0,3602,0.0,13
2014.0,3603,0.0,139
2014.0,3604,0.01672659058933875,136
2014.0,3605,0.0,29
2014.0,3606,0.0,95
2014.0,3607,0.0,2
2014.0,3608,0.03423475258918297,141
2014.0,3609,0.0,64
2014.0,3611,0.018567397833803585,100
2014.0,3699,0.0,119
2014.0,3700,0.025792682926829267,631
2014.0,3701,0.035538261997405965,51
2014.0,3702,0.05556290514618336,72
2014.0,3801,0.0,4
2014.0,4000,0.05646051009150496,149
2014.0,4001,0.02377051920698071,277
2014.0,4002,0.03089383858837142,158
2014.0,4005,0.07575757575757576,9
2014.0,4006,0.037864077669902914,40
2014.0,4007,0.019230769230769232,159
2014.0,4101,0.02396635187683517,1284
2014.0,4801,0.06482695221395618,528
2014.0,4901,0.024113784365548622,365
2014.0,5000,0.0,12
2014.0,5001,0.047936893203883495,21
2014.0,5002,0.03588022715539494,30
2014.0,5003,0.019044177432469056,472
2014.0,5004,0.031853091768412764,180
2014.0,5005,0.04171066525871172,25
2014.0,5006,0.0,19
2014.0,5007,0.02321360739458912,231
2014.0,5008,0.0,31
2014.0,5098,0.013500280921422265,420
2014.0,5102,0.04161849710982659,23
2014.0,5200,0.028132205584177273,3261
2014.0,5201,0.0,14
2014.0,5202,0.0,18
2014.0,5203,0.06680919294494922,36
2014.0,5205,0.06183844011142061,22
2014.0,5206,0.14471968709256844,8
2014.0,5299,0.05996271748135874,94
2014.0,5301,0.02089850960884519,1794
2014.0,5401,0.0,40
2014.0,5402,0.0029359203472044933,85
2014.0,5403,0.012401024685607824,144
2014.0,5404,0.017588924202185555,387
2014.0,5500,0.004716576622931138,106
2014.0,5501,0.03779718674740463,1354
2014.0,5502,0.03312391681109186,421
2014.0,5503,0.046337874042488965,230
2014.0,5504,0.034103477940272825,162
2014.0,5505,0.019266876570669285,306
2014.0,5506,0.03230743463721997,1506
2014.0,5507,0.02171642657029657,1094
2014.0,5599,0.0,43
2014.0,5601,0.004396437369717642,227
2014.0,5701,0.07181964573268922,30
2014.0,5901,0.03379787117304949,163
2014.0,6000,0.06931162858602817,684
2014.0,6001,0.023310147082249242,536
2014.0,6002,0.03620608296512376,587
2014.0,6003,0.02120901138640473,180
2014.0,6004,0.05183941562840565,1202
2014.0,6005,0.0797968357342583,480
2014.0,6006,0.055371683740478066,191
2014.0,6007,0.040768194070080865,216
2014.0,6099,0.1020996294771511,74
2014.0,6100,0.01124957188397397,318
2014.0,6102,0.013119533527696793,206
2014.0,6103,0.021753013490859743,230
2014.0,6104,0.005771160923385748,99
2014.0,6105,0.006614017769002962,193
2014.0,6106,0.0027059205541725296,76
2014.0,6107,0.010078835489190563,2544
2014.0,6108,0.022166573919495454,79
2014.0,6109,0.009585498994436755,305
2014.0,6110,0.022778599797523558,225
2014.0,6199,0.02193148302200711,110
2014.0,6200,0.03625512709519011,2122
2014.0,6201,0.018078121159527883,1746
2014.0,6202,0.012647110486562444,59
2014.0,6203,0.030709974812252024,3520
2014.0,6204,0.015249901613537977,198
2014.0,6205,0.038902451969005415,185
2014.0,6206,0.03300431588830765,2174
2014.0,6207,0.027233836858006042,1805
2014.0,6209,0.012111103053158314,258
2014.0,6210,0.03311771443972778,269
2014.0,6211,0.024547174912138415,486
2014.0,6212,0.04685608200823311,232
2014.0,6299,0.07294093463067014,258
2014.0,6402,0.03030405496794438,1300
2014.0,6403,0.0,12
2015.0,1100,0.07982708933717579,121
2015.0,1101,0.046599612438866844,244
2015.0,1102,0.06650041562759768,40
2015.0,1103,0.05435689593515318,275
2015.0,1104,0.03207988102825579,45
2015.0,1105,0.022222222222222223,114
2015.0,1106,0.0,14
2015.0,1199,0.11091445427728613,40
2015.0,1301,0.026863243518047787,463
2015.0,1302,0.01682905225863596,52
2015.0,1303,0.05230231381388288,223
2015.0,1401,0.02774743740547807,433
2015.0,1501,0.031133828996282528,401
2015.0,1901,0.053330867394118735,2256
2015.0,1902,0.05362540184340656,797
2015.0,1903,0.05742505025784459,746
2015.0,1904,0.05713248443613774,635
2015.0,2001,0.07949403877274679,277
2015.0,2100,0.050552711872884605,491
2015.0,2101,0.0,47
2015.0,2102,0.04740949127566228,1266
2015.0,2105,0.025523068076259564,191
2015.0,2106,0.05834355828220859,149
2015.0,2107,0.04878275413491916,95
2015.0,2201,0.0,108
2015.0,2300,0.011188979055671506,1040
2015.0,2301,0.0,5
2015.0,2304,0.017347700842846474,1455
2015.0,2305,0.006026365348399247,135
2015.0,2306,0.023431826000535148,243
2015.0,2307,0.02426482850630941,365
2015.0,2308,0.047876549723028225,68
2015.0,2309,0.0,161
2015.0,2310,0.019822475927610324,296
2015.0,2311,0.010079028748138815,177
2015.0,2312,0.008515167642362959,153
2015.0,2313,0.010816468946266573,283
2015.0,2314,0.028143245352059622,357
2015.0,2399,0.0008347245409015025,97
2015.0,2400,0.02358032614240345,462
2015.0,2401,0.036358034201201664,180
2015.0,2402,0.0,75
2015.0,2403,0.03272302298402805,27
2015.0,2404,0.019886363636363636,103
2015.0,2405,0.03608873192804326,321
2015.0,2406,0.017337606222094196,515
2015.0,2407,0.046098502455487966,455
2015.0,2408,0.016877023722989493,652
2015.0,2409,0.012703673018503175,31
2015.0,2410,0.02313730891061837,63
2015.0,2411,0.0,3
2015.0,2412,0.022254453156868966,202
2015.0,2413,0.0,38
2015.0,2414,0.02231266035565779,1020
2015.0,2415,0.0,3
2015.0,2416,0.0,12
2015.0,2417,0.0,14
2015.0,2418,0.07720344599072233,34
2015.0,2419,0.022576878162709226,52
2015.0,2499,0.008187807842384699,132
2015.0,2500,0.03713842503878091,97
2015.0,2501,0.0,36
2015.0,2502,0.013113489538135185,82
2015.0,2503,0.02142857142857143,44
2015.0,2504,0.0,55
2015.0,2599,0.04555181901559156,119
2015.0,2601,0.07539813289401427,156
2015.0,2602,0.05441461717280898,661
2015.0,2603,0.014104945437659624,151
2015.0,2901,0.03903416165881652,670
2015.0,3201,0.0,6
2015.0,3202,0.028731549451416843,114
2015.0,3301,0.0423278179225227,1716
2015.0,3302,0.05432868175044032,271
2015.0,3401,0.030964960702363115,607
2015.0,3402,0.024984765386959172,72
2015.0,3501,0.0,6
2015.0,3600,0.02289018256702705,2156
2015.0,3601,0.015200157243005961,288
2015.0,3602,0.05181347150259067,10
2015.0,3603,0.04118652888261096,137
2015.0,3604,0.04904925082308674,153
2015.0,3605,0.03184005923731951,27
2015.0,3606,0.02842668167745567,98
2015.0,3607,0.0,9
2015.0,3608,0.011269303900199416,190
2015.0,3609,0.020514119285804735,69
2015.0,3611,0.038239757207890746,141
2015.0,3699,0.06074666285959026,126
2015.0,3700,0.03366150840573749,693
2015.0,3701,0.011679420056383408,48
2015.0,3702,0.0,66
2015.0,3801,0.0,7
2015.0,4000,0.025053995680345574,140
2015.0,4001,0.026499302649930265,332
2015.0,4002,0.020263736263736263,196
2015.0,4005,0.1970873786407767,11
2015.0,4006,0.002003561887800534,47
2015.0,4007,0.03542183622828784,155
2015.0,4101,0.021832036831243056,1337
2015.0,4801,0.05994801434540848,542
2015.0,4901,0.03956686037280493,315
2015.0,5000,0.0,12
2015.0,5001,0.026113013698630137,20
2015.0,5002,0.047766990291262135,48
2015.0,5003,0.013590723148179452,516
2015.0,5004,0.059075383653244815,185
2015.0,5005,0.0,27
2015.0,5006,0.03430451127819549,27
2015.0,5007,0.03480397174736411,273
2015.0,5008,0.14100082941664363,35
2015.0,5098,0.03996669442131557,417
2015.0,5102,0.0,30
2015.0,5200,0.023541198355740936,3524
2015.0,5201,0.0,13
2015.0,5202,0.14931960279514528,26
2015.0,5203,0.021572910977607863,34
2015.0,5205,0.03085824493731919,20
2015.0,5206,0.0,7
2015.0,5299,0.0,98
2015.0,5301,0.016224094154743025,1865
2015.0,5401,0.012202470623681832,51
2015.0,5402,0.0,81
2015.0,5403,0.005829326923076923,149
2015.0,5404,0.016887137630171686,428
2015.0,5500,0.02735933555899357,112
2015.0,5501,0.0344507098480501,1432
2015.0,5502,0.026108882521489973,406
2015.0,5503,0.03396117545233483,220
2015.0,5504,0.03727647150826339,171
2015.0,5505,0.04344262295081967,276
2015.0,5506,0.03629964011096108,1590
2015.0,5507,0.021873096486856366,1162
2015.0,5599,0.020759613116301014,44
2015.0,5601,0.02549389294204443,226
2015.0,5701,0.0,23
2015.0,5901,0.032263838546561056,174
2015.0,6000,0.04392039975453669,743
2015.0,6001,0.02751752120988565,486
2015.0,6002,0.028308267971504642,611
2015.0,6003,0.05422038717719004,223
2015.0,6004,0.06448647331987083,1135
2015.0,6005,0.0624251497005988,471
2015.0,6006,0.020389327068300052,224
2015.0,6007,0.04814940289658677,240
2015.0,6099,0.06425171866737175,70
2015.0,6100,0.021821305841924397,337
2015.0,6102,0.02006235597126203,209
2015.0,6103,0.027905224953776623,263
2015.0,6104,0.019173822919751258,112
2015.0,6105,0.02134277647509212,192
2015.0,6106,0.01999663922029911,101
2015.0,6107,0.010396577609980714,2859
2015.0,6108,0.01320040616634358,74
2015.0,6109,0.01948432055749129,298
2015.0,6110,0.01696270962047661,308
2015.0,6199,0.016680863145939806,134
2015.0,6200,0.03766351604273599,2224
2015.0,6201,0.01692197988639996,1788
2015.0,6202,0.06289308176100629,46
2015.0,6203,0.034611791695831416,3406
2015.0,6204,0.028995784580230863,211
2015.0,6205,0.02990888683480787,148
2015.0,6206,0.04303067893017064,2206
2015.0,6207,0.022381189538340805,1768
2015.0,6209,0.041206063414311246,258
2015.0,6210,0.06601482028103188,266
2015.0,6211,0.021071578196037055,561
2015.0,6212,0.033820679936586225,214
2015.0,6299,0.04013327275480842,243
2015.0,6402,0.029562318678866325,1302
2015.0,6403,0.0,27
2016.0,1100,0.1397159246107621,131
2016.0,1101,0.07157369245951123,220
2016.0,1102,0.016046213093709884,38
2016.0,1103,0.05934914506343078,259
2016.0,1104,0.013780431786862656,63
2016.0,1105,0.02803261977573904,141
2016.0,1106,0.0,22
2016.0,1199,0.08361408882082695,38
2016.0,1301,0.02954669888798686,488
2016.0,1302,0.0,68
2016.0,1303,0.055863928316549044,240
2016.0,1401,0.03218121538186655,420
2016.0,1501,0.04416354206425829,444
2016.0,1901,0.04365482594205885,2446
2016.0,1902,0.04632866220770684,818
2016.0,1903,0.046590855135083806,788
2016.0,1904,0.04143926180160918,645
2016.0,2001,0.02778753806512064,292
2016.0,2100,0.03609210745870182,538
2016.0,2101,0.06177924217462932,67
2016.0,2102,0.059583395090583635,1505
2016.0,2105,0.06523042856483831,177
2016.0,2106,0.13392748138200464,135
2016.0,2107,0.0287329251059821,92
2016.0,2201,0.047619047619047616,122
2016.0,2300,0.03166714100276966,1039
2016.0,2301,0.0,14
2016.0,2304,0.015291604970283382,1463
2016.0,2305,0.01539399481786313,140
2016.0,2306,0.018980061349693253,242
2016.0,2307,0.027061223435845792,372
2016.0,2308,0.012996087199552822,68
2016.0,2309,0.027263267429760665,182
2016.0,2310,0.01893939393939394,355
2016.0,2311,0.015886979921341336,180
2016.0,2312,0.0040254512400986885,150
2016.0,2313,0.02746294681778553,261
2016.0,2314,0.031500164491720585,360
2016.0,2399,0.009641084383352424,115
2016.0,2400,0.03280887361726497,468
2016.0,2401,0.050403704583234385,177
2016.0,2402,0.01379082082965578,87
2016.0,2403,0.0,27
2016.0,2404,0.024186046511627906,138
2016.0,2405,0.02348653084870136,389
2016.0,2406,0.024190107329241473,575
2016.0,2407,0.023852886570594995,528
2016.0,2408,0.030633330513697387,757
2016.0,2409,0.0,32
2016.0,2410,0.08828894564027727,77
2016.0,2411,0.0,10
2016.0,2412,0.04162649577496739,167
2016.0,2413,0.011511511511511512,56
2016.0,2414,0.015966346760954667,1157
2016.0,2415,0.0,3
2016.0,2416,0.05472197705207414,10
2016.0,2417,0.0,19
2016.0,2418,0.016981132075471698,24
2016.0,2419,0.012356020942408378,44
2016.0,2499,0.022168235651381717,148
2016.0,2500,0.043465962662643784,93
2016.0,2501,0.0,32
2016.0,2502,0.01575165806927045,99
2016.0,2503,0.052243659223932364,43
2016.0,2504,0.0,71
2016.0,2599,0.024519507055743565,141
2016.0,2601,0.03580398341218387,147
2016.0,2602,0.039140235760334256,650
2016.0,2603,0.04854845639231572,163
2016.0,2901,0.04205390661248822,652
2016.0,3201,0.0,8
2016.0,3202,0.05373134328358209,126
2016.0,3301,0.044675748376851364,1655
2016.0,3302,0.0365581675708258,276
2016.0,3401,0.024963177408705368,663
2016.0,3402,0.012255713812520701,57
2016.0,3501,0.38922155688622756,6
2016.0,3600,0.02566415878590646,2230
2016.0,3601,0.020617664869229217,323
2016.0,3602,0.15300546448087432,8
2016.0,3603,0.0277204528975403,183
2016.0,3604,0.047334244702665756,170
2016.0,3605,0.0,32
2016.0,3606,0.02164892657405737,112
2016.0,3607,0.0,7
2016.0,3608,0.021920991479473278,219
2016.0,3609,0.013068286397938524,77
2016.0,3611,0.022746278641913364,173
2016.0,3699,0.019907100199071003,143
2016.0,3700,0.03964246101650682,734
2016.0,3701,0.09995544333877915,68
2016.0,3702,0.04108723135271808,84
2016.0,3801,0.0,7
2016.0,4000,0.036202185792349725,158
2016.0,4001,0.04075823821121512,325
2016.0,4002,0.04594656314226993,179
2016.0,4005,0.0,11
2016.0,4006,0.04755967224795155,53
2016.0,4007,0.054878048780487805,157
2016.0,4101,0.027730325006715014,1620
2016.0,4801,0.042679344052133965,544
2016.0,4901,0.027001630600005527,367
2016.0,5000,0.0,6
2016.0,5001,0.02973977695167286,26
2016.0,5002,0.03605015673981191,48
2016.0,5003,0.02327623339186906,550
2016.0,5004,0.04698573400828348,209
2016.0,5005,0.0,22
2016.0,5006,0.0,36
2016.0,5007,0.02812068904531145,264
2016.0,5008,0.06810035842293907,48
2016.0,5098,0.01685091022681915,439
2016.0,5102,0.0,14
2016.0,5200,0.025957675655447418,3572
2016.0,5201,0.0,10
2016.0,5202,0.021627774615822423,12
2016.0,5203,0.09418221734357848,40
2016.0,5205,0.056112224448897796,19
2016.0,5206,0.0,7
2016.0,5299,0.03934751460376942,79
2016.0,5301,0.015457162001002946,2026
2016.0,5401,0.053404804447091524,49
2016.0,5402,0.026729216670303296,91
2016.0,5403,0.012316806984720922,167
2016.0,5404,0.018985592371212383,461
2016.0,5500,0.04802210074648798,128
2016.0,5501,0.04764051515114593,1492
2016.0,5502,0.05222497512631928,458
2016.0,5503,0.020710799649605805,271
2016.0,5504,0.021916978083021916,194
2016.0,5505,0.039246223329699424,305
2016.0,5506,0.03583216752644924,1625
2016.0,5507,0.0299801896350961,1177
2016.0,5599,0.00843644544431946,55
2016.0,5601,0.022928608650338717,208
2016.0,5701,0.027538155275381553,29
2016.0,5901,0.020228970602503154,195
2016.0,6000,0.04204460323863309,745
2016.0,6001,0.04105854864379804,518
2016.0,6002,0.07317600900095203,607
2016.0,6003,0.04527124339894383,181
2016.0,6004,0.0581464275375305,1285
2016.0,6005,0.08281416472542752,496
2016.0,6006,0.025002336666978223,198
2016.0,6007,0.04806396940593629,231
2016.0,6099,0.03261489337438705,82
2016.0,6100,0.032411930348830525,436
2016.0,6102,0.026760856014959485,224
2016.0,6103,0.03167477633024643,276
2016.0,6104,0.014429049211657908,96
2016.0,6105,0.011896684308137694,213
2016.0,6106,0.02168243797034498,110
2016.0,6107,0.006806335428737612,3074
2016.0,6108,0.0,82
2016.0,6109,0.028537746341029405,366
2016.0,6110,0.023524166688521152,335
2016.0,6199,0.024196747322491077,144
2016.0,6200,0.03389147061351032,2319
2016.0,6201,0.015656027064793705,1875
2016.0,6202,0.05466935109183831,56
2016.0,6203,0.036086866167913546,3469
2016.0,6204,0.012824297287546329,272
2016.0,6205,0.0820342448249425,149
2016.0,6206,0.04526493029746826,2268
2016.0,6207,0.04739313241130959,1805
2016.0,6209,0.01169475286028293,285
2016.0,6210,0.032398510689406676,304
2016.0,6211,0.024265427097104355,622
2016.0,6212,0.06068361086765995,251
2016.0,6299,0.058425783464248114,243
2016.0,6402,0.03221363124410216,1207
2016.0,6403,0.0,16
2017.0,1100,0.049704038997214484,139
2017.0,1101,0.05342237061769616,279
2017.0,1102,0.06851803789255126,49
2017.0,1103,0.04012657814895769,303
2017.0,1104,0.033701419761938904,63
2017.0,1105,0.053646677471636955,150
2017.0,1106,0.0,17
2017.0,1199,0.05382192957343258,30
2017.0,1301,0.023875765086751984,548
2017.0,1302,0.0,58
2017.0,1303,0.01699668564629897,260
2017.0,1401,0.031881614270183926,395
2017.0,1501,0.022899568396806583,420
2017.0,1901,0.047636548187816104,2426
2017.0,1902,0.06754932379621516,785
2017.0,1903,0.05466569591069045,902
2017.0,1904,0.05441498903727327,692
2017.0,2001,0.07039666993143977,290
2017.0,2100,0.06689929186153913,576
2017.0,2101,0.13357279155909754,69
2017.0,2102,0.06406737026302838,1576
2017.0,2105,0.05664282179331444,213
2017.0,2106,0.05506207469741831,182
2017.0,2107,0.0794835347074153,83
2017.0,2201,0.0165337482979965,138
2017.0,2300,0.015839859608685402,1075
2017.0,2301,0.0,5
2017.0,2304,0.021352472136810678,1368
2017.0,2305,0.029958677685950414,133
2017.0,2306,0.05630869166137118,268
2017.0,2307,0.023377974255623456,376
2017.0,2308,0.01752021563342318,94
2017.0,2309,0.030099373887069906,179
2017.0,2310,0.011328376558749487,349
2017.0,2311,0.007827662052011903,151
2017.0,2312,0.018315018315018316,165
2017.0,2313,0.007899590985644397,244
2017.0,2314,0.013616221297166645,371
2017.0,2399,0.05302705023615285,99
2017.0,2400,0.020493082284406532,507
2017.0,2401,0.006623670908140143,174
2017.0,2402,0.013953488372093023,99
2017.0,2403,0.04451510333863275,22
2017.0,2404,0.032781599312123814,187
2017.0,2405,0.02927909622886866,451
2017.0,2406,0.012804183146745324,555
2017.0,2407,0.04541145668758182,596
2017.0,2408,0.04065356705305815,776
2017.0,2409,0.03578000408914332,46
2017.0,2410,0.04326923076923077,98
2017.0,2411,0.0,9
2017.0,2412,0.054125662376987134,205
2017.0,2413,0.031146179401993355,47
2017.0,2414,0.022441599768568743,1324
2017.0,2415,0.0,8
2017.0,2416,0.025427444103463395,12
2017.0,2417,0.0,12
2017.0,2418,0.09537677466326902,30
2017.0,2419,0.029687223891146846,52
2017.0,2499,0.05837299633459161,148
2017.0,2500,0.035047178894665895,86
2017.0,2501,0.0,38
2017.0,2502,0.06428322894919972,94
2017.0,2503,0.03962623291226856,56
2017.0,2504,0.08531645569620253,74
2017.0,2599,0.048861055674076115,133
2017.0,2601,0.07353934043105687,175
2017.0,2602,0.04094497296359483,642
2017.0,2603,0.035628382441371016,142
2017.0,2901,0.04173134745821971,684
2017.0,3201,0.1419284940411701,6
2017.0,3202,0.04281863206068585,152
2017.0,3301,0.03822041180027368,1696
2017.0,3302,0.05085129066649436,304
2017.0,3401,0.03470853645887356,650
2017.0,3402,0.08329705412857351,65
2017.0,3501,0.0,7
2017.0,3600,0.035980725939982514,2368
2017.0,3601,0.016913319238900635,337
2017.0,3602,0.0,14
2017.0,3603,0.017730921289085898,171
2017.0,3604,0.02658322328759258,166
2017.0,3605,0.13263358778625955,28
2017.0,3606,0.05723253639642046,113
2017.0,3607,0.0,11
2017.0,3608,0.020852180206260177,208
2017.0,3609,0.05274840057448753,71
2017.0,3611,0.043685652214980636,182
2017.0,3699,0.021393690411596,142
2017.0,3700,0.028068332343671492,821
2017.0,3701,0.06461901949202599,82
2017.0,3702,0.05773230180517428,107
2017.0,3801,0.0,6
2017.0,4000,0.05091558731576597,189
2017.0,4001,0.04272878348308594,323
2017.0,4002,0.029239234232185895,211
2017.0,4005,0.13247470101195952,13
2017.0,4006,0.0387038703870387,54
2017.0,4007,0.03533429009749097,172
2017.0,4101,0.024061538115254542,1582
2017.0,4801,0.07000467216944402,484
2017.0,4901,0.03755038130309972,362
2017.0,5000,0.0,12
2017.0,5001,0.22206943966998968,32
2017.0,5002,0.0,36
2017.0,5003,0.03532649337441297,632
2017.0,5004,0.03565654751212502,195
2017.0,5005,0.03623670212765957,27
2017.0,5006,0.03688708951866847,47
2017.0,5007,0.050797105712100714,312
2017.0,5008,0.023455643288434743,43
2017.0,5098,0.03435262404178249,415
2017.0,5102,0.042358186772355706,33
2017.0,5200,0.02763573699211615,3720
2017.0,5201,0.0,10
2017.0,5202,0.020185029436501262,23
2017.0,5203,0.050156739811912224,46
2017.0,5205,0.032621951219512196,25
2017.0,5206,0.0,5
2017.0,5299,0.0,90
2017.0,5301,0.026669139765001897,2122
2017.0,5401,0.033146169172251404,48
2017.0,5402,0.040678298372868064,96
2017.0,5403,0.02003842986549547,156
2017.0,5404,0.01869600857557223,514
2017.0,5500,0.07167738478027867,120
2017.0,5501,0.03764048717145032,1556
2017.0,5502,0.03397350441593068,438
2017.0,5503,0.0353818779085683,254
2017.0,5504,0.028845752452515132,220
2017.0,5505,0.03859736850329718,300
2017.0,5506,0.052986166055287824,1588
2017.0,5507,0.034577658079280635,1194
2017.0,5599,0.08335868573167021,32
2017.0,5601,0.015455321918086793,223
2017.0,5701,0.0,28
2017.0,5901,0.031991799741044456,152
2017.0,6000,0.0452954280258831,792
2017.0,6001,0.042003001342705945,578
2017.0,6002,0.060013138742545054,691
2017.0,6003,0.047600361024997054,216
2017.0,6004,0.0585015444292795,1263
2017.0,6005,0.0773207700315847,534
2017.0,6006,0.034362235229713226,214
2017.0,6007,0.06426735218508997,237
2017.0,6099,0.01762752277952823,114
2017.0,6100,0.032611480029163135,424
2017.0,6102,0.015163836402774456,212
2017.0,6103,0.013328176598339929,295
2017.0,6104,0.0,100
2017.0,6105,0.01569458255869255,231
2017.0,6106,0.009026128266033254,108
2017.0,6107,0.01015228426395939,3130
2017.0,6108,0.03273535725237657,92
2017.0,6109,0.017218067351164067,358
2017.0,6110,0.03826654967339378,359
2017.0,6199,0.04222845801108754,132
2017.0,6200,0.03755781683626272,2343
2017.0,6201,0.02756667191217173,1897
2017.0,6202,0.0,68
2017.0,6203,0.03210705427071856,3351
2017.0,6204,0.03551383135106241,277
2017.0,6205,0.05381041920141577,182
2017.0,6206,0.04915804801553224,2387
2017.0,6207,0.03590059145512656,1939
2017.0,6209,0.025443660466110754,287
2017.0,6210,0.06630284560048194,252
2017.0,6211,0.040120893632663066,644
2017.0,6212,0.05637097807973337,289
2017.0,6299,0.04675823066047263,283
2017.0,6402,0.03249908525429931,1221
2017.0,6403,0.040676745860331175,27
2018.0,1100,0.02875722543352601,145
2018.0,1101,0.03652447414979359,288
2018.0,1102,0.09189777052746058,44
2018.0,1103,0.04984473033779074,319
2018.0,1104,0.005593978844589097,94
2018.0,1105,0.053255262791021885,159
2018.0,1106,0.055811571940604196,23
2018.0,1199,0.048156049984760745,30
2018.0,1301,0.025097584298725526,599
2018.0,1302,0.0192,57
2018.0,1303,0.019191534977004737,286
2018.0,1401,0.04132722709058083,408
2018.0,1501,0.06153097829391378,463
2018.0,1901,0.04778462886215843,2569
2018.0,1902,0.054793719139774884,756
2018.0,1903,0.045465162332057156,919
2018.0,1904,0.05757106868374276,701
2018.0,2001,0.08000123220996858,318
2018.0,2100,0.054154048535840056,643
2018.0,2101,0.03668677645524213,60
2018.0,2102,0.0527386269559796,1651
2018.0,2105,0.044832675202425114,238
2018.0,2106,0.05464573132984411,169
2018.0,2107,0.06313718476122339,94
2018.0,2201,0.07677731312075274,128
2018.0,2300,0.0203802158852908,1138
2018.0,2301,0.0,7
2018.0,2303,0.10456796917996698,8
2018.0,2304,0.01821292690065062,1352
2018.0,2305,0.032651041988745286,140
2018.0,2306,0.029632288426258275,221
2018.0,2307,0.02231183391310128,412
2018.0,2308,0.0,89
2018.0,2309,0.0008371265630722545,177
2018.0,2310,0.020347394540942927,376
2018.0,2311,0.028433341702234497,156
2018.0,2312,0.04325543255432554,160
2018.0,2313,0.028841093294972107,260
2018.0,2314,0.028531754349193042,337
2018.0,2399,0.049979641693811076,103
2018.0,2400,0.028304681113230572,567
2018.0,2401,0.01015534663918355,183
2018.0,2402,0.07629896738239633,120
2018.0,2403,0.0688539741219963,23
2018.0,2404,0.03236635419305802,165
2018.0,2405,0.02361015785861359,488
2018.0,2406,0.021682619344562816,636
2018.0,2407,0.06248125712229353,611
2018.0,2408,0.036143880223422256,805
2018.0,2409,0.04942339373970346,50
2018.0,2410,0.023619859207113746,91
2018.0,2411,0.0,6
2018.0,2412,0.026757958525164285,229
2018.0,2413,0.0,41
2018.0,2414,0.0404010748090044,1439
2018.0,2415,0.0,3
2018.0,2416,0.0,13
2018.0,2417,0.0,16
2018.0,2418,0.0,26
2018.0,2419,0.02605823342304869,69
2018.0,2499,0.01664824087923522,148
2018.0,2500,0.0556839672200042,86
2018.0,2501,0.0,41
2018.0,2502,0.015239052164447793,101
2018.0,2503,0.009220284626177591,51
2018.0,2504,0.0,66
2018.0,2599,0.020273487992380435,141
2018.0,2601,0.09303360783440907,180
2018.0,2602,0.05647653835347007,595
2018.0,2603,0.03823580684525539,164
2018.0,2901,0.03384403230141757,766
2018.0,3201,0.0,8
2018.0,3202,0.05338176214847835,170
2018.0,3301,0.06018449264522563,1624
2018.0,3302,0.08595476407123359,307
2018.0,3401,0.033456971447063805,655
2018.0,3402,0.0271518544436669,70
2018.0,3501,0.0,6
2018.0,3600,0.029467316506188005,2642
2018.0,3601,0.014114492982179467,346
2018.0,3602,0.0,12
2018.0,3603,0.004196713559522402,160
2018.0,3604,0.010367325051389757,190
2018.0,3605,0.0,35
2018.0,3606,0.015198927134555208,107
2018.0,3607,0.0,12
2018.0,3608,0.04517666961436426,203
2018.0,3609,0.017427385892116183,74
2018.0,3611,0.047580927602941914,195
2018.0,3699,0.03236577090850342,170
2018.0,3700,0.039155385661866854,909
2018.0,3701,0.07980907980907981,87
2018.0,3702,0.048,144
2018.0,3801,0.0,2
2018.0,4000,0.03649989217166271,173
2018.0,4001,0.02415320851793626,326
2018.0,4002,0.03311979779491873,223
2018.0,4005,0.0,17
2018.0,4006,0.07020311575626109,52
2018.0,4007,0.0647658072961129,177
2018.0,4101,0.02960767697617278,1794
2018.0,4801,0.08073671257889097,519
2018.0,4901,0.04105971547832013,371
2018.0,5000,0.0,9
2018.0,5001,0.017384731670445956,24
2018.0,5002,0.02842227378190255,30
2018.0,5003,0.026060549719562457,588
2018.0,5004,0.042594922655613945,258
2018.0,5005,0.028342780926975657,26
2018.0,5006,0.10214482905075388,41
2018.0,5007,0.05469260258412608,332
2018.0,5008,0.026001040041601663,52
2018.0,5098,0.03062136439894009,464
2018.0,5102,0.0,31
2018.0,5200,0.025295264807064444,3999
2018.0,5201,0.0,11
2018.0,5202,0.0,20
2018.0,5203,0.051055579491598446,40
2018.0,5205,0.0,36
2018.0,5206,0.1402439024390244,8
2018.0,5299,0.021610090892227787,102
2018.0,5301,0.019972026660624007,2174
2018.0,5401,0.02660232615689186,67
2018.0,5402,0.05916803031607958,110
2018.0,5403,0.014923902871496824,173
2018.0,5404,0.01439019334971723,542
2018.0,5500,0.042534659214633085,126
2018.0,5501,0.0577454331043971,1647
2018.0,5502,0.031897819981275916,425
2018.0,5503,0.020739716557207053,299
2018.0,5504,0.028285549355397344,191
2018.0,5505,0.03050980172823625,328
2018.0,5506,0.0492117266091878,1592
2018.0,5507,0.03275908695556839,1169
2018.0,5599,0.04522613065326633,38
2018.0,5601,0.027896894585552046,182
2018.0,5701,0.04436419912303327,29
2018.0,5901,0.003454317897371715,200
2018.0,6000,0.07028634759793721,761
2018.0,6001,0.03258107681436154,601
2018.0,6002,0.05110377194507214,627
2018.0,6003,0.012623677925622655,232
2018.0,6004,0.06465446581378727,1318
2018.0,6005,0.08356191877968823,545
2018.0,6006,0.038872970391595034,201
2018.0,6007,0.051499736888265216,263
2018.0,6099,0.07201781884177529,118
2018.0,6100,0.03477666752071056,470
2018.0,6102,0.020814372205294605,239
2018.0,6103,0.0256162994832233,353
2018.0,6104,0.08508248508248509,123
2018.0,6105,0.02810464983434251,230
2018.0,6106,0.014435981138919115,117
2018.0,6107,0.010486967837413725,3391
2018.0,6108,0.02605595172792101,91
2018.0,6109,0.02836218375499334,377
2018.0,6110,0.022429743410717403,407
2018.0,6199,0.02388579778564604,156
2018.0,6200,0.04909653112978302,2382
2018.0,6201,0.03135535770777783,1984
2018.0,6202,0.04695331047217093,71
2018.0,6203,0.038319876063158544,3584
2018.0,6204,0.043095940441073184,310
2018.0,6205,0.0412803918138884,158
2018.0,6206,0.05205646731864453,2494
2018.0,6207,0.039267434420985285,2124
2018.0,6209,0.03389425232387841,316
2018.0,6210,0.05090962441314554,288
2018.0,6211,0.044132329528589545,687
2018.0,6212,0.03248361252731245,310
2018.0,6299,0.05767260807211637,291
2018.0,6402,0.03665569349145282,1155
2018.0,6403,0.02148148148148148,20
2019.0,1100,0.014994148624926857,145
2019.0,1101,0.020738189713258966,302
2019.0,1102,0.037858117326057296,38
2019.0,1103,0.07048228639476034,316
2019.0,1104,0.020243468745725617,76
2019.0,1105,0.07845754021212334,142
2019.0,1106,0.045397750937109536,25
2019.0,1199,0.12011304757418748,34
2019.0,1301,0.02586611372614309,633
2019.0,1302,0.050265486725663715,97
2019.0,1303,0.045352368182355954,279
2019.0,1401,0.04820525574069469,413
2019.0,1501,0.06297146605444408,455
2019.0,1901,0.04845646242961012,2570
2019.0,1902,0.06146950907993126,781
2019.0,1903,0.06895505523937061,903
2019.0,1904,0.0528727573211804,721
2019.0,2001,0.09133511558421135,282
2019.0,2100,0.05555158259078622,630
2019.0,2101,0.07486007462686567,77
2019.0,2102,0.05661763485132735,2130
2019.0,2105,0.08059606399546934,258
2019.0,2106,0.07016518622409225,238
2019.0,2107,0.05998286203941731,111
2019.0,2201,0.047811695476278046,130
2019.0,2300,0.02469761768293579,971
2019.0,2301,0.0,5
2019.0,2303,0.0,4
2019.0,2304,0.02814392841745178,1381
2019.0,2305,0.031457092525794816,121
2019.0,2306,0.01603399206317393,233
2019.0,2307,0.020873741571995934,410
2019.0,2308,0.03708791208791209,97
2019.0,2309,0.04081201099598224,177
2019.0,2310,0.027365227832901472,325
2019.0,2311,0.03118315884273331,175
2019.0,2312,0.014913657770800628,136
2019.0,2313,0.022062497597724565,245
2019.0,2314,0.04837454848569047,351
2019.0,2399,0.011297611362169141,97
2019.0,2400,0.04248285994123408,528
2019.0,2401,0.0,182
2019.0,2402,0.03169750603378922,121
2019.0,2403,0.0,19
2019.0,2404,0.0611401949954373,205
2019.0,2405,0.02521183136663721,529
2019.0,2406,0.02441776493951977,643
2019.0,2407,0.058838769499290934,648
2019.0,2408,0.029209178182444357,849
2019.0,2409,0.03954053457035565,48
2019.0,2410,0.04254564793476334,103
2019.0,2411,0.2257158899494666,13
2019.0,2412,0.04452567867202013,311
2019.0,2413,0.010414255959268688,42
2019.0,2414,0.024284187640490843,1561
2019.0,2415,0.0,5
2019.0,2416,0.0,11
2019.0,2417,0.0,9
2019.0,2418,0.14332151300236406,32
2019.0,2419,0.021118381915526473,58
2019.0,2499,0.021639640657664275,172
2019.0,2500,0.02093087303773065,130
2019.0,2501,0.0,40
2019.0,2502,0.05855209187858901,94
2019.0,2503,0.017604952602050687,41
2019.0,2504,0.04007941431939446,98
2019.0,2599,0.039976723887110856,151
2019.0,2601,0.07081315319908234,193
2019.0,2602,0.04028298948430061,635
2019.0,2603,0.051387461459403906,176
2019.0,2901,0.0453810767126694,738
2019.0,3201,0.0,4
2019.0,3202,0.049417162698412696,145
2019.0,3301,0.061617704241782145,1646
2019.0,3302,0.048571240018478186,288
2019.0,3401,0.0493373936279053,668
2019.0,3402,0.1255292992760552,65
2019.0,3501,0.037227214377406934,8
2019.0,3600,0.031865856316754496,2768
2019.0,3601,0.03323081192331707,399
2019.0,3602,0.0,11
2019.0,3603,0.01946221645563957,231
2019.0,3604,0.006520299526259488,196
2019.0,3605,0.021263289555972485,38
2019.0,3606,0.03713964807188319,104
2019.0,3607,0.2827324478178368,8
2019.0,3608,0.029567800806394567,240
2019.0,3609,0.028554431885782272,79
2019.0,3611,0.0627259864801132,241
2019.0,3699,0.008248730964467006,150
2019.0,3700,0.04749691578468931,854
2019.0,3701,0.029478079331941544,109
2019.0,3702,0.027243243243243242,142
2019.0,3801,0.0,4
2019.0,4000,0.042292368985596074,182
2019.0,4001,0.03865115361861566,373
2019.0,4002,0.019457867955323713,264
2019.0,4005,0.0,23
2019.0,4006,0.06277412280701754,72
2019.0,4007,0.04888762930423693,174
2019.0,4101,0.034000227457967665,1796
2019.0,4801,0.07982538797330821,490
2019.0,4901,0.03667032434225636,372
2019.0,5000,0.09651076466221233,12
2019.0,5001,0.03900360537528679,36
2019.0,5002,0.04082457558609539,43
2019.0,5003,0.023377822546797617,630
2019.0,5004,0.05093230791554814,241
2019.0,5005,0.0,33
2019.0,5006,0.0,37
2019.0,5007,0.03873981366301947,382
2019.0,5008,0.012410841654778888,54
2019.0,5098,0.023073011260443154,456
2019.0,5102,0.02095730918499353,31
2019.0,5200,0.03415430137940038,3973
2019.0,5201,0.0,9
2019.0,5202,0.150408083948698,25
2019.0,5203,0.02542215624420115,42
2019.0,5205,0.0873917748917749,34
2019.0,5206,0.05144291091593475,6
2019.0,5299,0.05325329202168862,90
2019.0,5301,0.021414985524737803,2185
2019.0,5401,0.00880974695407685,56
2019.0,5402,0.021209316674379145,125
2019.0,5403,0.04345707882685375,183
2019.0,5404,0.025959283655210528,537
2019.0,5500,0.01099163679808841,110
2019.0,5501,0.05019253615173487,1752
2019.0,5502,0.0333396075478801,430
2019.0,5503,0.0317395009845123,299
2019.0,5504,0.045851758264897874,199
2019.0,5505,0.07059037569362321,327
2019.0,5506,0.04058123416662683,1563
2019.0,5507,0.040084703910447314,1179
2019.0,5599,0.045837023914969,38
2019.0,5601,0.025684448207733558,223
2019.0,5701,0.0,31
2019.0,5901,0.005965099715099715,200
2019.0,6000,0.07485774452260406,770
2019.0,6001,0.05250400038023416,588
2019.0,6002,0.05908201816671579,664
2019.0,6003,0.05904059040590406,201
2019.0,6004,0.05590545608944873,1318
2019.0,6005,0.07454892498289337,531
2019.0,6006,0.05504829958978431,164
2019.0,6007,0.10083852005532504,236
2019.0,6099,0.09376163873370577,100
2019.0,6100,0.047424692782041616,532
2019.0,6102,0.03180507376603837,218
2019.0,6103,0.060886174452330986,338
2019.0,6104,0.01775013274671926,116
2019.0,6105,0.013433739498978279,231
2019.0,6106,0.03416523235800344,112
2019.0,6107,0.006102453077517447,3545
2019.0,6108,0.036947304663840094,77
2019.0,6109,0.033891223101743306,390
2019.0,6110,0.026817466332419986,463
2019.0,6199,0.016461138137798394,156
2019.0,6200,0.05166691263977291,2491
2019.0,6201,0.03219137097998589,1973
2019.0,6202,0.016883923029174425,75
2019.0,6203,0.04316269798156817,3701
2019.0,6204,0.03710212365724469,359
2019.0,6205,0.045986177565124936,178
2019.0,6206,0.04952332835427467,2424
2019.0,6207,0.03983961979364207,2250
2019.0,6209,0.045765812859383165,347
2019.0,6210,0.04681779780343565,255
2019.0,6211,0.036901821340354496,678
2019.0,6212,0.05536415351334028,332
2019.0,6299,0.0782691264243082,343
2019.0,6402,0.039213426729992014,1167
2019.0,6403,0.0,22
2020.0,1100,0.09242399161286763,132
2020.0,1101,0.13754905024828976,260
2020.0,1102,0.17483044461190655,49
2020.0,1103,0.10674299895654135,261
2020.0,1104,0.27097976119908546,61
2020.0,1105,0.08108108108108109,131
2020.0,1106,0.012530315278900566,22
2020.0,1199,0.24368645457527058,24
2020.0,1301,0.24145576465498594,531
2020.0,1302,0.20269634738987302,54
2020.0,1303,0.208787766608765,255
2020.0,1401,0.2854522479924999,320
2020.0,1501,0.305353358518382,390
2020.0,1901,0.29371279823042007,1970
2020.0,1902,0.32886002712792134,544
2020.0,1903,0.33493396352909627,794
2020.0,1904,0.3109521056181941,521
2020.0,2001,0.23818738913078535,266
2020.0,2100,0.29270928694944565,510
2020.0,2101,0.4250746954723052,61
2020.0,2102,0.44562037682638483,1832
2020.0,2105,0.36901862329973395,183
2020.0,2106,0.37862071510276374,167
2020.0,2107,0.26487382575059865,73
2020.0,2201,0.1341076203208556,81
2020.0,2300,0.14476822238016268,858
2020.0,2301,0.10204081632653061,8
2020.0,2303,0.0,2
2020.0,2304,0.11703934333427682,1087
2020.0,2305,0.16409971419498254,108
2020.0,2306,0.10627796485077726,161
2020.0,2307,0.13638487972508592,275
2020.0,2308,0.15594285135272065,67
2020.0,2309,0.1531232725262576,128
2020.0,2310,0.15206688341848584,250
2020.0,2311,0.20619152738358038,129
2020.0,2312,0.06112241930793835,122
2020.0,2313,0.17149556188243176,178
2020.0,2314,0.1532867613376088,251
2020.0,2399,0.15108686668319696,83
2020.0,2400,0.18727143122791792,401
2020.0,2401,0.27794649914714814,156
2020.0,2402,0.17937289858472125,88
2020.0,2403,0.22448460167981674,23
2020.0,2404,0.3003836421516611,169
2020.0,2405,0.20537424649830407,423
2020.0,2406,0.20386398763523958,523
2020.0,2407,0.44792677520995816,588
2020.0,2408,0.26266302386720963,661
2020.0,2409,0.2180523479599692,34
2020.0,2410,0.2925553319919517,95
2020.0,2411,0.26505404014410705,13
2020.0,2412,0.24672587686286315,199
2020.0,2413,0.06238498343761502,39
2020.0,2414,0.22250753660637382,1279
2020.0,2415,0.0,4
2020.0,2416,0.44265734265734263,8
2020.0,2417,0.06641485678312874,19
2020.0,2418,0.06989247311827956,22
2020.0,2419,0.21291012838801712,44
2020.0,2499,0.22244926392049413,146
2020.0,2500,0.09011394639704702,81
2020.0,2501,0.3040305767894371,32
2020.0,2502,0.20963785889482037,48
2020.0,2503,0.18260166980877995,36
2020.0,2504,0.09700514268427952,59
2020.0,2599,0.11761977337485918,105
2020.0,2601,0.231210885916059,127
2020.0,2602,0.28738421712575335,496
2020.0,2603,0.36330342428126716,149
2020.0,2901,0.12627515853322305,570
2020.0,3201,0.0,5
2020.0,3202,0.2359000626031529,125
2020.0,3301,0.2628515663805244,1233
2020.0,3302,0.26953450864801737,256
2020.0,3401,0.16475681508697104,503
2020.0,3402,0.09120567375886525,41
2020.0,3501,0.0,4
2020.0,3600,0.15754627836728372,2143
2020.0,3601,0.16414717339092175,312
2020.0,3602,0.02532051282051282,19
2020.0,3603,0.20669024683925347,180
2020.0,3604,0.1812748264468946,177
2020.0,3605,0.22301338649957278,31
2020.0,3606,0.2126838502985292,93
2020.0,3607,0.1756040070713023,12
2020.0,3608,0.16142270861833105,233
2020.0,3609,0.07665578603769611,66
2020.0,3611,0.2102675965467449,222
2020.0,3699,0.10237064154649761,168
2020.0,3700,0.3541858040810429,685
2020.0,3701,0.40865475070555035,82
2020.0,3702,0.3847373535880518,130
2020.0,3801,0.2260677466863034,8
2020.0,4000,0.1696659168541198,143
2020.0,4001,0.3019000703729768,279
2020.0,4002,0.23061758350077718,175
2020.0,4005,0.5738775510204082,19
2020.0,4006,0.38226975428672444,82
2020.0,4007,0.27280017821341057,166
2020.0,4101,0.1413627313831184,1359
2020.0,4801,0.27736825465497444,364
2020.0,4901,0.12259380097879283,259
2020.0,5000,0.1334971334971335,13
2020.0,5001,0.40969696969696967,24
2020.0,5002,0.08933479934029687,27
2020.0,5003,0.08528013651322472,468
2020.0,5004,0.23200368428510698,197
2020.0,5005,0.500128303823454,26
2020.0,5006,0.15850864403249323,30
2020.0,5007,0.3237377260288673,268
2020.0,5008,0.25960084668884187,46
2020.0,5098,0.14492753623188406,416
2020.0,5102,0.06769037919147602,28
2020.0,5200,0.19047509102621232,2885
2020.0,5201,0.26859504132231404,5
2020.0,5202,0.15003304692663583,24
2020.0,5203,0.11362397820163488,30
2020.0,5205,0.02152374444824052,19
2020.0,5206,0.0,9
2020.0,5299,0.26501273309783946,83
2020.0,5301,0.10188099710615829,1619
2020.0,5401,0.2524892257393372,51
2020.0,5402,0.499927209200757,98
2020.0,5403,0.1650111959579721,113
2020.0,5404,0.12554650064705677,415
2020.0,5500,0.2093591905564924,79
2020.0,5501,0.39560737147312736,1379
2020.0,5502,0.21812188974342403,328
2020.0,5503,0.13976972442431107,279
2020.0,5504,0.33157021829754807,160
2020.0,5505,0.3747917226552002,268
2020.0,5506,0.264323675963722,1350
2020.0,5507,0.24219287765742814,843
2020.0,5599,0.31175468483816016,34
2020.0,5601,0.07013538283435701,206
2020.0,5701,0.0,24
2020.0,5901,0.0813864906043677,155
2020.0,6000,0.24305191400104878,556
2020.0,6001,0.25697508382935713,419
2020.0,6002,0.23983503717472118,490
2020.0,6003,0.2859388396684767,163
2020.0,6004,0.26903783293957734,990
2020.0,6005,0.25281784026178644,424
2020.0,6006,0.3194716699337254,132
2020.0,6007,0.25346952848892335,158
2020.0,6099,0.4634349491920706,108
2020.0,6100,0.15429969963288465,472
2020.0,6102,0.13741859346999433,178
2020.0,6103,0.16420779685264664,301
2020.0,6104,0.027932960893854747,90
2020.0,6105,0.02677255902540698,188
2020.0,6106,0.12981421409613683,108
2020.0,6107,0.04351952992579758,2783
2020.0,6108,0.08246312843147809,67
2020.0,6109,0.10320174075225365,310
2020.0,6110,0.1903029126841654,377
2020.0,6199,0.17046570527730398,125
2020.0,6200,0.24913996726485088,1990
2020.0,6201,0.2922876548281921,1590
2020.0,6202,0.48976248976248976,65
2020.0,6203,0.23287752743417514,2844
2020.0,6204,0.3244478998907832,304
2020.0,6205,0.3634211564596028,145
2020.0,6206,0.29312261320240046,1991
2020.0,6207,0.33086442734865273,1788
2020.0,6209,0.24678230047357563,247
2020.0,6210,0.2458651149380095,243
2020.0,6211,0.20023980815347722,436
2020.0,6212,0.4256502535579912,265
2020.0,6299,0.24763364884682043,288
2020.0,6402,0.2293068194234161,865
2020.0,6403,0.24679979518689196,18
2021.0,1100,0.09311336816767452,172
2021.0,1101,0.14759137769447048,273
2021.0,1102,0.1334945586457074,40
2021.0,1103,0.09658083851632239,303
2021.0,1104,0.18226668493901604,68
2021.0,1105,0.19785914535723387,125
2021.0,1106,0.18792710706150342,23
2021.0,1199,0.2947709393799167,27
2021.0,1301,0.2354772094693682,631
2021.0,1302,0.1444723618090452,73
2021.0,1303,0.1877304005898255,322
2021.0,1401,0.26811745347516747,370
2021.0,1501,0.3399554643496485,419
2021.0,1901,0.35030164438537514,2465
2021.0,1902,0.36705450660721334,710
2021.0,1903,0.33294584907488134,849
2021.0,1904,0.42327411948969895,610
2021.0,2001,0.3549851685937405,280
2021.0,2100,0.38999792056560617,628
2021.0,2101,0.4958916900093371,82
2021.0,2102,0.5502153522711639,2483
2021.0,2105,0.47630709648023695,315
2021.0,2106,0.34947538337368844,235
2021.0,2107,0.33986013986013985,71
2021.0,2201,0.05719643694327239,92
2021.0,2300,0.11271876435043116,1016
2021.0,2301,0.22762951334379905,7
2021.0,2303,0.0,6
2021.0,2304,0.09550356228072064,1253
2021.0,2305,0.09895551257253385,128
2021.0,2306,0.09403050963849512,177
2021.0,2307,0.13058593467081914,376
2021.0,2308,0.1305266122219093,66
2021.0,2309,0.18320505772402418,137
2021.0,2310,0.10496665155733989,289
2021.0,2311,0.0859920043897468,123
2021.0,2312,0.06595273264401773,141
2021.0,2313,0.21006964709544376,202
2021.0,2314,0.10479568974714606,355
2021.0,2399,0.0945260347129506,109
2021.0,2400,0.2350386666840547,608
2021.0,2401,0.27480817866175145,214
2021.0,2402,0.21965244058267314,133
2021.0,2403,0.4043558121228024,36
2021.0,2404,0.2891348629847419,239
2021.0,2405,0.2499014770559768,558
2021.0,2406,0.23808988764044944,642
2021.0,2407,0.486133913120646,775
2021.0,2408,0.251814199244223,808
2021.0,2409,0.38147892190739463,42
2021.0,2410,0.2771022872204745,107
2021.0,2411,0.3516483516483517,8
2021.0,2412,0.30328011107254427,305
2021.0,2413,0.3061789969520643,33
2021.0,2414,0.2328582632447197,1687
2021.0,2415,0.22270742358078602,6
2021.0,2416,0.09885204081632654,17
2021.0,2417,0.18483647175421208,21
2021.0,2418,0.18639972385226097,27
2021.0,2419,0.11067388096409247,50
2021.0,2499,0.19960272722392228,161
2021.0,2500,0.3101071975497703,113
2021.0,2501,0.17554168196841718,23
2021.0,2502,0.24060150375939848,77
2021.0,2503,0.11330589849108368,40
2021.0,2504,0.2608429306542514,73
2021.0,2599,0.22509202071245868,141
2021.0,2601,0.35680198731777474,133
2021.0,2602,0.29261094456266795,573
2021.0,2603,0.2633698549007995,170
2021.0,2901,0.2020015011258444,683
2021.0,3202,0.20558246240122355,144
2021.0,3301,0.3022173428092571,1475
2021.0,3302,0.342199460322705,318
2021.0,3401,0.19293870958601342,564
2021.0,3402,0.23175478430100552,53
2021.0,3501,0.3761562178828366,9
2021.0,3600,0.16246890294466756,2580
2021.0,3601,0.15434175382796095,426
2021.0,3602,0.05503222607833416,17
2021.0,3603,0.15184163272456533,205
2021.0,3604,0.18204404291360812,179
2021.0,3605,0.143111337061515,39
2021.0,3606,0.1381061183041381,116
2021.0,3607,0.40233236151603496,9
2021.0,3608,0.20026997177567799,217
2021.0,3609,0.051938332584942376,66
2021.0,3611,0.2836734693877551,240
2021.0,3699,0.2407418173362014,161
2021.0,3700,0.38217848617206474,880
2021.0,3701,0.46686522710349965,120
2021.0,3702,0.5382006782365849,168
2021.0,4000,0.21687325418994413,190
2021.0,4001,0.24409196740395808,319
2021.0,4002,0.14392545789010638,238
2021.0,4005,0.779265873015873,20
2021.0,4006,0.41420717592592593,106
2021.0,4007,0.19781956936494957,182
2021.0,4101,0.13176319928731503,1783
2021.0,4801,0.28293413173652693,412
2021.0,4901,0.1416116324875449,344
2021.0,5000,0.13803019410496045,11
2021.0,5001,0.22670734569349918,37
2021.0,5002,0.1233071988595866,32
2021.0,5003,0.13625973713495143,575
2021.0,5004,0.21715191126955832,215
2021.0,5005,0.2202429149797571,28
2021.0,5006,0.23154193872425916,37
2021.0,5007,0.28818543046357614,354
2021.0,5008,0.13635769381618512,74
2021.0,5098,0.19086080828588664,496
2021.0,5102,0.30166540499621497,17
2021.0,5200,0.21197648869111363,3775
2021.0,5201,0.20958971824023728,14
2021.0,5202,0.19486215538847118,23
2021.0,5203,0.08740025978845797,43
2021.0,5205,0.4310595065312046,25
2021.0,5206,0.0,5
2021.0,5299,0.26460375816993464,95
2021.0,5301,0.13294431104764792,2042
2021.0,5401,0.2302081480163672,41
2021.0,5402,0.4291692692067458,136
2021.0,5403,0.2528658125421443,147
2021.0,5404,0.18235765313629007,505
2021.0,5500,0.20770763101440393,94
2021.0,5501,0.45242302570619897,1724
2021.0,5502,0.2765260971645295,409
2021.0,5503,0.137664697864607,325
2021.0,5504,0.29468309999601133,224
2021.0,5505,0.3649043497436463,319
2021.0,5506,0.35015219462323116,1526
2021.0,5507,0.2416907367478947,1072
2021.0,5599,0.5030864197530864,58
2021.0,5601,0.08525173898641934,201
2021.0,5701,0.07640354579991558,23
2021.0,5901,0.11248226340456637,183
2021.0,6000,0.24483397290786496,697
2021.0,6001,0.23612108159846854,584
2021.0,6002,0.2403537312810245,642
2021.0,6003,0.2047152111579171,238
2021.0,6004,0.33923650686018497,1245
2021.0,6005,0.3295014369611396,545
2021.0,6006,0.2540811278753401,148
2021.0,6007,0.22066362195917608,194
2021.0,6099,0.36674856674856676,120
2021.0,6100,0.19517048280959082,543
2021.0,6102,0.16494557633268211,240
2021.0,6103,0.21644529677770674,363
2021.0,6104,0.0,100
2021.0,6105,0.08091391645511194,221
2021.0,6106,0.16632541632541634,110
2021.0,6107,0.0354848141254662,3588
2021.0,6108,0.19094766619519093,82
2021.0,6109,0.10801645680089765,355
2021.0,6110,0.20041962976029115,510
2021.0,6199,0.14213290984607868,123
2021.0,6200,0.2990929725452398,2692
2021.0,6201,0.34152971758382167,1922
2021.0,6202,0.6011116367076632,71
2021.0,6203,0.2752372156379153,3389
2021.0,6204,0.4366365040829839,405
2021.0,6205,0.4041270336296065,175
2021.0,6206,0.37976242659604914,2350
2021.0,6207,0.407802384757584,2268
2021.0,6209,0.3246925802417674,317
2021.0,6210,0.4441592201462226,256
2021.0,6211,0.14322774621842033,598
2021.0,6212,0.5365619063649698,372
2021.0,6299,0.2984579018460153,307
2021.0,6402,0.24678750169078859,1043
2021.0,6403,0.45304437564499483,13
2022.0,1100,0.08241587360826025,162
2022.0,1101,0.10235290146170206,326
2022.0,1102,0.11935483870967742,41
2022.0,1103,0.10095484627219224,368
2022.0,1104,0.11644374508261211,72
2022.0,1105,0.0781524926686217,149
2022.0,1106,0.058297347316471314,25
2022.0,1199,0.19215776198119697,51
2022.0,1301,0.19639206994212535,712
2022.0,1302,0.027547659447050604,81
2022.0,1303,0.1569663921655909,307
2022.0,1401,0.22867140063805702,420
2022.0,1501,0.22980670045297574,430
2022.0,1901,0.26404329474639576,2484
2022.0,1902,0.29861920675630166,654
2022.0,1903,0.25847260579487324,924
2022.0,1904,0.3327921846741003,632
2022.0,2001,0.24583416483735782,341
2022.0,2100,0.3178526577702663,710
2022.0,2101,0.39446334958153223,89
2022.0,2102,0.43619433806412855,2953
2022.0,2105,0.4457785035059072,288
2022.0,2106,0.37132812965500805,288
2022.0,2107,0.19567627494456763,101
2022.0,2201,0.12359764213728845,84
2022.0,2300,0.087030407711273,1132
2022.0,2301,0.0,6
2022.0,2303,0.25806451612903225,3
2022.0,2304,0.05171088879222851,1306
2022.0,2305,0.07371412854130376,101
2022.0,2306,0.07141551398452257,154
2022.0,2307,0.06794307891332471,360
2022.0,2308,0.08412498569302965,87
2022.0,2309,0.11431727184868148,132
2022.0,2310,0.06811222122552507,305
2022.0,2311,0.10128222616287,133
2022.0,2312,0.05192643094973839,127
2022.0,2313,0.08664700926705982,208
2022.0,2314,0.04592095619326831,328
2022.0,2399,0.09030715468089019,100
2022.0,2400,0.16448541787033083,642
2022.0,2401,0.14890867819102496,262
2022.0,2402,0.12927730632356968,134
2022.0,2403,0.1501943364797335,30
2022.0,2404,0.2121223753406779,253
2022.0,2405,0.16014013234721683,601
2022.0,2406,0.1476741354115928,730
2022.0,2407,0.3555857698271794,845
2022.0,2408,0.21814206079520373,886
2022.0,2409,0.31927093999590417,43
2022.0,2410,0.17413712322348898,128
2022.0,2411,0.18617021276595744,10
2022.0,2412,0.20509203057843106,280
2022.0,2413,0.13609768506741288,41
2022.0,2414,0.16146162349968415,1816
2022.0,2415,0.3482456140350877,11
2022.0,2416,0.18792866941015088,8
2022.0,2417,0.11711464618760285,31
2022.0,2418,0.2433587786259542,31
2022.0,2419,0.044207110990942274,50
2022.0,2499,0.16888204225352113,207
2022.0,2500,0.20176848874598072,129
2022.0,2501,0.2652983656404409,39
2022.0,2502,0.2524233432245302,53
2022.0,2503,0.1085336707437087,57
2022.0,2504,0.106952820148989,102
2022.0,2599,0.180900766211923,143
2022.0,2601,0.1726111441783801,207
2022.0,2602,0.24822098094727982,527
2022.0,2603,0.2474105786493578,149
2022.0,2901,0.11739704297494642,720
2022.0,3202,0.25336055810787816,154
2022.0,3301,0.25591358127673774,1479
2022.0,3302,0.2543802935281567,281
2022.0,3401,0.17587215648604987,570
2022.0,3402,0.15964495561945244,61
2022.0,3501,0.0,4
2022.0,3600,0.12848329362897806,2898
2022.0,3601,0.13280424335480268,457
2022.0,3602,0.04651826484018265,32
2022.0,3603,0.12377597745685101,267
2022.0,3604,0.13276436303080766,239
2022.0,3605,0.07561785319070453,39
2022.0,3606,0.12611457188225236,132
2022.0,3607,0.0,6
2022.0,3608,0.105483046750915,245
2022.0,3609,0.08508628831458745,103
2022.0,3611,0.19536810173842026,320
2022.0,3699,0.12924740874267687,211
2022.0,3700,0.28641011736452726,959
2022.0,3701,0.32560399888919744,141
2022.0,3702,0.43599863382793824,228
2022.0,3801,0.0,4
2022.0,4000,0.15991943605236655,221
2022.0,4001,0.27542426786759283,343
2022.0,4002,0.1668486313655151,228
2022.0,4005,0.5213916314057357,24
2022.0,4006,0.2682952511319364,96
2022.0,4007,0.14343544196725275,159
2022.0,4101,0.12592808800189723,1835
2022.0,4801,0.24616769978220807,460
2022.0,4901,0.09406574640671694,348
2022.0,5000,0.0,8
2022.0,5001,0.09747835905156191,46
2022.0,5002,0.14156378600823044,45
2022.0,5003,0.08710141752980567,612
2022.0,5004,0.13978851184554733,229
2022.0,5005,0.12953657174762703,35
2022.0,5006,0.03484978540772532,57
2022.0,5007,0.19644651390760937,378
2022.0,5008,0.29089100468949836,66
2022.0,5098,0.1530495505534507,478
2022.0,5102,0.17829099307159355,20
2022.0,5200,0.1657904515780317,4078
2022.0,5201,0.04124926340601061,12
2022.0,5202,0.11052949466478759,33
2022.0,5203,0.20596157299335607,46
2022.0,5205,0.26596604688763137,23
2022.0,5206,0.18774703557312253,3
2022.0,5299,0.21302250803858522,123
2022.0,5301,0.09098414161194947,2121
2022.0,5401,0.09312856861586927,43
2022.0,5402,0.29720879463589583,152
2022.0,5403,0.1282863654049247,162
2022.0,5404,0.12168029228173076,522
2022.0,5500,0.19218464351005485,106
2022.0,5501,0.3402764317344824,1776
2022.0,5502,0.1979315118693758,446
2022.0,5503,0.13388492871690427,311
2022.0,5504,0.20430199674350843,225
2022.0,5505,0.330159590688849,285
2022.0,5506,0.27718390236028595,1650
2022.0,5507,0.19879603399433426,1093
2022.0,5599,0.1436255269661288,57
2022.0,5601,0.053283100107642624,226
2022.0,5701,0.026184058529072005,35
2022.0,5901,0.09446403223590824,190
2022.0,6000,0.17901973996156822,727
2022.0,6001,0.17671502620681667,600
2022.0,6002,0.19450166853397907,745
2022.0,6003,0.12781756377677303,245
2022.0,6004,0.28905143293015145,1314
2022.0,6005,0.25120920441580563,591
2022.0,6006,0.14921115445071897,152
2022.0,6007,0.18272202569353937,247
2022.0,6099,0.31777819761949744,142
2022.0,6100,0.14186389228269494,638
2022.0,6102,0.1455775134305449,204
2022.0,6103,0.2604456824512535,352
2022.0,6104,0.03256295274232494,133
2022.0,6105,0.08165817649391453,261
2022.0,6106,0.06198378419337728,114
2022.0,6107,0.034240502626095334,3868
2022.0,6108,0.08972011509285902,91
2022.0,6109,0.10229626883572845,374
2022.0,6110,0.21666331999814645,556
2022.0,6199,0.06616032753812377,138
2022.0,6200,0.2495380867172974,2792
2022.0,6201,0.281976955180548,1892
2022.0,6202,0.38490450256960956,100
2022.0,6203,0.2293171353175592,3666
2022.0,6204,0.31706839881045545,431
2022.0,6205,0.3447153472947246,149
2022.0,6206,0.29766051298807383,2550
2022.0,6207,0.2895524671504421,2423
2022.0,6209,0.23347087839119712,336
2022.0,6210,0.25760437699472416,259
2022.0,6211,0.15335525918773762,567
2022.0,6212,0.44837581669273946,394
2022.0,6299,0.2349820855241729,377
2022.0,6402,0.20162796345456524,1052
2022.0,6403,0.23496659242761692,9
2023.0,1100,0.11706239646604086,186
2023.0,1101,0.13129037601457677,340
2023.0,1102,0.12467588591184096,58
2023.0,1103,0.11948630651379362,380
2023.0,1104,0.059258376058185284,73
2023.0,1105,0.05850414836505612,158
2023.0,1106,0.056948798328108674,24
2023.0,1107,0.0,21
2023.0,1199,0.08726923999040997,42
2023.0,1301,0.15969672785315242,780
2023.0,1302,0.057241704670545686,62
2023.0,1303,0.10649862620953292,333
2023.0,1401,0.1189924093782825,448
2023.0,1501,0.21429716300689214,429
2023.0,1901,0.22113581279935368,2386
2023.0,1902,0.26796256877786256,636
2023.0,1903,0.23398255508459734,991
2023.0,1904,0.24074096134373696,680
2023.0,2001,0.21220238095238095,327
2023.0,2100,0.2661181803158715,742
2023.0,2101,0.27540793506170796,105
2023.0,2102,0.338689880304679,3132
2023.0,2105,0.39051315836330613,262
2023.0,2106,0.2672548002075765,358
2023.0,2107,0.29471968118829817,110
2023.0,2201,0.060173593723919214,103
2023.0,2300,0.06472362452297328,1012
2023.0,2301,0.11072664359861592,7
2023.0,2303,0.0,1
2023.0,2304,0.05310152224363765,1230
2023.0,2305,0.05063291139240506,100
2023.0,2306,0.10305692842760387,175
2023.0,2307,0.07203529501255103,360
2023.0,2308,0.04823114548970538,80
2023.0,2309,0.037948785638859554,146
2023.0,2310,0.041256196272824244,301
2023.0,2311,0.1444887321784455,132
2023.0,2312,0.07277375372816361,119
2023.0,2313,0.07839235972940709,207
2023.0,2314,0.06339972656354717,350
2023.0,2399,0.15388207822533567,97
2023.0,2400,0.18156039586063535,665
2023.0,2401,0.11200028202777973,266
2023.0,2402,0.12015167930660889,171
2023.0,2403,0.033023735810113516,32
2023.0,2404,0.17774932422819748,308
2023.0,2405,0.11940298507462686,664
2023.0,2406,0.09338079563142719,730
2023.0,2407,0.28903878957045703,857
2023.0,2408,0.1488076022919861,934
2023.0,2409,0.3221631205673759,48
2023.0,2410,0.10692701069270107,133
2023.0,2411,0.15912518853695323,13
2023.0,2412,0.1975180358044117,285
2023.0,2413,0.11713755413487317,45
2023.0,2414,0.12008031944399873,1949
2023.0,2415,0.0,3
2023.0,2416,0.11772072636192861,16
2023.0,2417,0.005681818181818182,19
2023.0,2418,0.05246913580246913,20
2023.0,2419,0.0772701635645798,42
2023.0,2499,0.10758455073043827,218
2023.0,2500,0.17973966412625617,127
2023.0,2501,0.18581770930016706,50
2023.0,2502,0.21001510900064752,79
2023.0,2503,0.1463361123299693,43
2023.0,2504,0.05621328513330321,102
2023.0,2599,0.16437220102836292,163
2023.0,2601,0.17381308196344408,167
2023.0,2602,0.23016602852413517,558
2023.0,2603,0.2038191069692985,152
2023.0,2901,0.12348517061762518,677
2023.0,3202,0.16398121719915293,204
2023.0,3301,0.20824839747525603,1448
2023.0,3302,0.23082745384261888,332
2023.0,3401,0.13298085740486015,557
2023.0,3402,0.17468860525911117,65
2023.0,3501,0.0,3
2023.0,3600,0.1069597114724208,2900
2023.0,3601,0.11046271625323677,493
2023.0,3602,0.0,20
2023.0,3603,0.0957153037591306,231
2023.0,3604,0.08437633035334184,226
2023.0,3605,0.0,37
2023.0,3606,0.13360066506919654,159
2023.0,3607,0.1817427385892116,9
2023.0,3608,0.19041598694942904,244
2023.0,3609,0.03914171186041028,81
2023.0,3611,0.2106745168309228,334
2023.0,3699,0.08891139686454114,202
2023.0,3700,0.2530454482224121,937
2023.0,3701,0.2706069272322847,142
2023.0,3702,0.30988782341233945,208
2023.0,3801,0.0,2
2023.0,4000,0.08193051993471671,185
2023.0,4001,0.19278092334494773,339
2023.0,4002,0.16014446737577392,203
2023.0,4005,0.18115279048490393,15
2023.0,4006,0.3405959628324255,87
2023.0,4007,0.19166316575643,191
2023.0,4009,0.37966583718450053,56
2023.0,4101,0.10049952426260704,1833
2023.0,4801,0.1722130438203131,443
2023.0,4901,0.0777988614800759,347
2023.0,5000,0.018383761011106857,29
2023.0,5001,0.25377229080932784,46
2023.0,5002,0.24430400798270413,50
2023.0,5003,0.1203720054152687,641
2023.0,5004,0.1698257413634974,244
2023.0,5005,0.1498723237085052,52
2023.0,5006,0.1474010861132661,43
2023.0,5007,0.18556983462841203,381
2023.0,5008,0.1343783290214579,66
2023.0,5098,0.13336775604422305,511
2023.0,5102,0.07439310884886452,34
2023.0,5200,0.14142424597955247,4189
2023.0,5201,0.13050847457627118,15
2023.0,5202,0.05722460658082976,31
2023.0,5203,0.12524818001323626,55
2023.0,5205,0.33768844221105526,27
2023.0,5206,0.0,6
2023.0,5299,0.1612356375965342,100
2023.0,5301,0.092016154850149,2116
2023.0,5401,0.1263975155279503,57
2023.0,5402,0.2872071101535147,173
2023.0,5403,0.1404310907903331,167
2023.0,5404,0.12496844231254733,527
2023.0,5500,0.12388113139992839,97
2023.0,5501,0.26498575399062907,1782
2023.0,5502,0.2065768217929142,418
2023.0,5503,0.1257206581660565,398
2023.0,5504,0.2120139921997507,235
2023.0,5505,0.2465800865800866,303
2023.0,5506,0.20755844227027323,1666
2023.0,5507,0.11591052763753822,989
2023.0,5599,0.2465728047424972,49
2023.0,5601,0.03513548554388694,260
2023.0,5701,0.1266155531215772,37
2023.0,5901,0.06115297547058641,241
2023.0,6000,0.1649617707642356,774
2023.0,6001,0.1621210922041947,574
2023.0,6002,0.15739371027832566,658
2023.0,6003,0.18048447628795633,254
2023.0,6004,0.2570914435637852,1290
2023.0,6005,0.17266208770473243,593
2023.0,6006,0.22248337922234906,145
2023.0,6007,0.110909256063221,203
2023.0,6099,0.2805417940339412,175
2023.0,6100,0.1370258500430632,674
2023.0,6102,0.115223436337289,212
2023.0,6103,0.18547692307692307,364
2023.0,6104,0.02084587597832631,117
2023.0,6105,0.02077939321516298,274
2023.0,6106,0.043478260869565216,144
2023.0,6107,0.03553398917047343,4068
2023.0,6108,0.15862169235242804,74
2023.0,6109,0.09003648473273097,371
2023.0,6110,0.1689249851517286,606
2023.0,6199,0.12368015185668525,135
2023.0,6200,0.21461418219712575,2719
2023.0,6201,0.2008927098504452,1866
2023.0,6202,0.3083869728119896,98
2023.0,6203,0.19169050020767817,3709
2023.0,6204,0.24975419829315296,434
2023.0,6205,0.22206558381857186,161
2023.0,6206,0.2840490855891127,2713
2023.0,6207,0.2247269784687076,2405
2023.0,6209,0.23242646706012188,351
2023.0,6210,0.3031333575461419,263
2023.0,6211,0.13565394164597672,555
2023.0,6212,0.3082277351418883,377
2023.0,6299,0.2353026040539566,391
2023.0,6402,0.12619394240670384,1065
2023.0,6403,0.05829596412556054,13
2024.0,1100,0.11032083895753296,188
2024.0,1101,0.06413444871505011,308
2024.0,1102,0.16883886255924171,46
2024.0,1103,0.10665505030633467,361
2024.0,1104,0.08197809492200464,63
2024.0,1105,0.0559789972899729,141
2024.0,1106,0.0,20
2024.0,1107,0.0,16
2024.0,1199,0.054566744730679156,41
2024.0,1301,0.15863996489039797,773
2024.0,1302,0.20688513737173123,64
2024.0,1303,0.12297165200391007,343
2024.0,1401,0.11181016078142417,465
2024.0,1501,0.13271306113774292,371
2024.0,1901,0.18888527916089295,2497
2024.0,1902,0.2014315922514158,656
2024.0,1903,0.19422233685839566,997
2024.0,1904,0.2695760497203905,610
2024.0,2001,0.18617156837759316,365
2024.0,2100,0.25085511166752367,772
2024.0,2101,0.22298443039926005,110
2024.0,2102,0.30732382065542824,3330
2024.0,2105,0.29148936170212764,294
2024.0,2106,0.23841606246514221,391
2024.0,2107,0.2437140260527113,130
2024.0,2201,0.07302260920465355,105
2024.0,2300,0.06434515672590355,1040
2024.0,2301,0.0,9
2024.0,2303,0.0,2
2024.0,2304,0.06448145355737864,1222
2024.0,2305,0.09596863547259865,111
2024.0,2306,0.02487941101802488,155
2024.0,2307,0.07346760548005021,343
2024.0,2308,0.025269368907131863,71
2024.0,2309,0.07888820764357245,138
2024.0,2310,0.046500858100193415,298
2024.0,2311,0.07383507675587556,144
2024.0,2312,0.09449568145220319,147
2024.0,2313,0.0638377910694805,228
2024.0,2314,0.045041272879531045,312
2024.0,2399,0.10121299073953306,77
2024.0,2400,0.13632187006113472,649
2024.0,2401,0.08378582720461887,259
2024.0,2402,0.12217827806510496,161
2024.0,2403,0.0,28
2024.0,2404,0.12409783480352847,273
2024.0,2405,0.14285053786641186,565
2024.0,2406,0.08679919113560304,778
2024.0,2407,0.24716128533910087,893
2024.0,2408,0.15375346312953053,900
2024.0,2409,0.13077064557660475,49
2024.0,2410,0.1260608892003426,129
2024.0,2411,0.0,10
2024.0,2412,0.17008084780946137,322
2024.0,2413,0.07552285050348567,54
2024.0,2414,0.09679535596365912,2031
2024.0,2415,0.0,7
2024.0,2416,0.0,10
2024.0,2417,0.06746584889880122,21
2024.0,2418,0.10537232939224227,40
2024.0,2419,0.15982846546128882,65
2024.0,2499,0.12656979983712657,224
2024.0,2500,0.2030937598653057,141
2024.0,2501,0.05101058710298364,38
2024.0,2502,0.09305993690851735,71
2024.0,2503,0.059388861508132086,42
2024.0,2504,0.11343342813678153,127
2024.0,2599,0.14227046054561454,180
2024.0,2601,0.213819515615729,199
2024.0,2602,0.1741069681912438,487
2024.0,2603,0.13757045387125483,133
2024.0,2901,0.09027194840841561,668
2024.0,3202,0.1917017972043488,145
2024.0,3301,0.17028178591257587,1452
2024.0,3302,0.227095046854083,342
2024.0,3401,0.1422888981586318,544
2024.0,3402,0.20857988165680474,72
2024.0,3501,0.0,7
2024.0,3600,0.09751489400741976,2970
2024.0,3601,0.10950894871409235,480
2024.0,3602,0.06928313976772127,17
2024.0,3603,0.0967730407747561,269
2024.0,3604,0.09982100011425525,246
2024.0,3605,0.09471450617283951,49
2024.0,3606,0.0636206524087276,165
2024.0,3607,0.19393939393939394,12
2024.0,3608,0.10746886433349348,254
2024.0,3609,0.0605392928339104,92
2024.0,3611,0.13206656438097486,353
2024.0,3699,0.08586357278038344,227
2024.0,3700,0.2086894725569985,934
2024.0,3701,0.3198605448206583,142
2024.0,3702,0.28452108871805526,222
2024.0,3801,0.0,3
2024.0,4000,0.08728468234858307,189
2024.0,4001,0.14713169430150563,314
2024.0,4002,0.11125391597718692,202
2024.0,4005,0.14756293519014463,34
2024.0,4006,0.26692762555176147,108
2024.0,4007,0.18943935542659823,196
2024.0,4009,0.21518438177874186,90
2024.0,4101,0.1018866540767496,1829
2024.0,4801,0.14972966069223892,459
2024.0,4901,0.12548606847352572,342
2024.0,5000,0.10281195079086115,10
2024.0,5001,0.11279826464208242,48
2024.0,5002,0.01215043394406943,42
2024.0,5003,0.05856918238993711,604
2024.0,5004,0.14927048260381592,222
2024.0,5005,0.15250379362670713,35
2024.0,5006,0.10372608257804633,38
2024.0,5007,0.20813532207217805,391
2024.0,5008,0.06541208479764199,71
2024.0,5098,0.12137488207906029,520
2024.0,5102,0.011811023622047244,39
2024.0,5200,0.11719058530141108,4214
2024.0,5201,0.34549356223175964,11
2024.0,5202,0.1453287197231834,30
2024.0,5203,0.1231930408084943,51
2024.0,5205,0.06251800633823106,24
2024.0,5206,0.0,6
2024.0,5299,0.10606411294989006,130
2024.0,5301,0.07972223996933299,2079
2024.0,5401,0.13866504485327658,63
2024.0,5402,0.16692736032034036,142
2024.0,5403,0.12699722893697304,149
2024.0,5404,0.07578561392687022,489
2024.0,5500,0.06707317073170732,82
2024.0,5501,0.2219547332903666,1777
2024.0,5502,0.1992062418256438,414
2024.0,5503,0.0943277846401192,401
2024.0,5504,0.16819435129294283,202
2024.0,5505,0.16852682334693328,275
2024.0,5506,0.17853405012431525,1695
2024.0,5507,0.15507235293617816,1014
2024.0,5599,0.18932527693857,45
2024.0,5601,0.029765386365113406,284
2024.0,5701,0.0,32
2024.0,5901,0.03701466492164167,252
2024.0,6000,0.16306374469694923,683
2024.0,6001,0.09365142245110554,614
2024.0,6002,0.11010670214708722,693
2024.0,6003,0.15325342465753425,238
2024.0,6004,0.19527148764079896,1317
2024.0,6005,0.16752500952407828,616
2024.0,6006,0.1657781726640012,119
2024.0,6007,0.08066765091863518,223
2024.0,6099,0.20834751049109673,152
2024.0,6100,0.10785282282354643,687
2024.0,6102,0.0829567596699971,230
2024.0,6103,0.22815364020183299,392
2024.0,6104,0.04590897132333596,138
2024.0,6105,0.05160159362549801,275
2024.0,6106,0.05286858880636294,175
2024.0,6107,0.03224217521539339,4149
2024.0,6108,0.09519524923519884,94
2024.0,6109,0.0851159648727764,324
2024.0,6110,0.1465964184625732,620
2024.0,6199,0.09382584502456638,156
2024.0,6200,0.17182117706744918,2764
2024.0,6201,0.18016366462466857,1831
2024.0,6202,0.5011461074794125,108
2024.0,6203,0.16763198081539205,3819
2024.0,6204,0.23792146281809887,433
2024.0,6205,0.21677259688396422,175
2024.0,6206,0.2369786048051261,2810
2024.0,6207,0.2094132423032333,2573
2024.0,6209,0.19514091872033468,329
2024.0,6210,0.21365960555149743,230
2024.0,6211,0.13602511232842987,531
2024.0,6212,0.3137801923500477,355
2024.0,6299,0.15717135447835628,415
2024.0,6402,0.13493415127818745,1043
2024.0,6403,0.15117328519855597,14
2025.0,1100,0.11032083895753296,188
2025.0,1101,0.06413444871505011,308
2025.0,1102,0.16883886255924171,46
2025.0,1103,0.10665505030633467,361
2025.0,1104,0.08197809492200464,63
2025.0,1105,0.0559789972899729,141
2025.0,1106,0.0,20
2025.0,1107,0.0,16
2025.0,1199,0.054566744730679156,41
2025.0,1301,0.15863996489039797,773
2025.0,1302,0.20688513737173123,64
2025.0,1303,0.12297165200391007,343
2025.0,1401,0.11181016078142417,465
2025.0,1501,0.13271306113774292,371
2025.0,1901,0.18888527916089295,2497
2025.0,1902,0.2014315922514158,656
2025.0,1903,0.19422233685839566,997
2025.0,1904,0.2695760497203905,610
2025.0,2001,0.18617156837759316,365
2025.0,2100,0.25085511166752367,772
2025.0,2101,0.22298443039926005,110
2025.0,2102,0.30732382065542824,3330
2025.0,2105,0.29148936170212764,294
2025.0,2106,0.23841606246514221,391
2025.0,2107,0.2437140260527113,130
2025.0,2201,0.07302260920465355,105
2025.0,2300,0.06434515672590355,1040
2025.0,2301,0.0,9
2025.0,2303,0.0,2
2025.0,2304,0.06448145355737864,1222
2025.0,2305,0.09596863547259865,111
2025.0,2306,0.02487941101802488,155
2025.0,2307,0.07346760548005021,343
2025.0,2308,0.025269368907131863,71
2025.0,2309,0.07888820764357245,138
2025.0,2310,0.046500858100193415,298
2025.0,2311,0.07383507675587556,144
2025.0,2312,0.09449568145220319,147
2025.0,2313,0.0638377910694805,228
2025.0,2314,0.045041272879531045,312
2025.0,2399,0.10121299073953306,77
2025.0,2400,0.13632187006113472,649
2025.0,2401,0.08378582720461887,259
2025.0,2402,0.12217827806510496,161
2025.0,2403,0.0,28
2025.0,2404,0.12409783480352847,273
2025.0,2405,0.14285053786641186,565
2025.0,2406,0.08679919113560304,778
2025.0,2407,0.24716128533910087,893
2025.0,2408,0.15375346312953053,900
2025.0,2409,0.13077064557660475,49
2025.0,2410,0.1260608892003426,129
2025.0,2411,0.0,10
2025.0,2412,0.17008084780946137,322
2025.0,2413,0.07552285050348567,54
2025.0,2414,0.09679535596365912,2031
2025.0,2415,0.0,7
2025.0,2416,0.0,10
2025.0,2417,0.06746584889880122,21
2025.0,2418,0.10537232939224227,40
2025.0,2419,0.15982846546128882,65
2025.0,2499,0.12656979983712657,224
2025.0,2500,0.2030937598653057,141
2025.0,2501,0.05101058710298364,38
2025.0,2502,0.09305993690851735,71
2025.0,2503,0.059388861508132086,42
2025.0,2504,0.11343342813678153,127
2025.0,2599,0.14227046054561454,180
2025.0,2601,0.213819515615729,199
2025.0,2602,0.1741069681912438,487
2025.0,2603,0.13757045387125483,133
2025.0,2901,0.09027194840841561,668
2025.0,3202,0.1917017972043488,145
2025.0,3301,0.17028178591257587,1452
2025.0,3302,0.227095046854083,342
2025.0,3401,0.1422888981586318,544
2025.0,3402,0.20857988165680474,72
2025.0,3501,0.0,7
2025.0,3600,0.09751489400741976,2970
2025.0,3601,0.10950894871409235,480
2025.0,3602,0.06928313976772127,17
2025.0,3603,0.0967730407747561,269
2025.0,3604,0.09982100011425525,246
2025.0,3605,0.09471450617283951,49
2025.0,3606,0.0636206524087276,165
2025.0,3607,0.19393939393939394,12
2025.0,3608,0.10746886433349348,254
2025.0,3609,0.0605392928339104,92
2025.0,3611,0.13206656438097486,353
2025.0,3699,0.08586357278038344,227
2025.0,3700,0.2086894725569985,934
2025.0,3701,0.3198605448206583,142
2025.0,3702,0.28452108871805526,222
2025.0,3801,0.0,3
2025.0,4000,0.08728468234858307,189
2025.0,4001,0.14713169430150563,314
2025.0,4002,0.11125391597718692,202
2025.0,4005,0.14756293519014463,34
2025.0,4006,0.26692762555176147,108
2025.0,4007,0.18943935542659823,196
2025.0,4009,0.21518438177874186,90
2025.0,4101,0.1018866540767496,1829
2025.0,4801,0.14972966069223892,459
2025.0,4901,0.12548606847352572,342
2025.0,5000,0.10281195079086115,10
2025.0,5001,0.11279826464208242,48
2025.0,5002,0.01215043394406943,42
2025.0,5003,0.05856918238993711,604
2025.0,5004,0.14927048260381592,222
2025.0,5005,0.15250379362670713,35
2025.0,5006,0.10372608257804633,38
2025.0,5007,0.20813532207217805,391
2025.0,5008,0.06541208479764199,71
2025.0,5098,0.12137488207906029,520
2025.0,5102,0.011811023622047244,39
2025.0,5200,0.11719058530141108,4214
2025.0,5201,0.34549356223175964,11
2025.0,5202,0.1453287197231834,30
2025.0,5203,0.1231930408084943,51
2025.0,5205,0.06251800633823106,24
2025.0,5206,0.0,6
2025.0,5299,0.10606411294989006,130
2025.0,5301,0.07972223996933299,2079
2025.0,5401,0.13866504485327658,63
2025.0,5402,0.16692736032034036,142
2025.0,5403,0.12699722893697304,149
2025.0,5404,0.07578561392687022,489
2025.0,5500,0.06707317073170732,82
2025.0,5501,0.2219547332903666,1777
2025.0,5502,0.1992062418256438,414
2025.0,5503,0.0943277846401192,401
2025.0,5504,0.16819435129294283,202
2025.0,5505,0.16852682334693328,275
2025.0,5506,0.17853405012431525,1695
2025.0,5507,0.15507235293617816,1014
2025.0,5599,0.18932527693857,45
2025.0,5601,0.029765386365113406,284
2025.0,5701,0.0,32
2025.0,5901,0.03701466492164167,252
2025.0,6000,0.16306374469694923,683
2025.0,6001,0.09365142245110554,614
2025.0,6002,0.11010670214708722,693
2025.0,6003,0.15325342465753425,238
2025.0,6004,0.19527148764079896,1317
2025.0,6005,0.16752500952407828,616
2025.0,6006,0.1657781726640012,119
2025.0,6007,0.08066765091863518,223
2025.0,6099,0.20834751049109673,152
2025.0,6100,0.10785282282354643,687
2025.0,6102,0.0829567596699971,230
2025.0,6103,0.22815364020183299,392
2025.0,6104,0.04590897132333596,138
2025.0,6105,0.05160159362549801,275
2025.0,6106,0.05286858880636294,175
2025.0,6107,0.03224217521539339,4149
2025.0,6108,0.09519524923519884,94
2025.0,6109,0.0851159648727764,324
2025.0,6110,0.1465964184625732,620
2025.0,6199,0.09382584502456638,156
2025.0,6200,0.17182117706744918,2764
2025.0,6201,0.18016366462466857,1831
2025.0,6202,0.5011461074794125,108
2025.0,6203,0.16763198081539205,3819
2025.0,6204,0.23792146281809887,433
2025.0,6205,0.21677259688396422,175
2025.0,6206,0.2369786048051261,2810
2025.0,6207,0.2094132423032333,2573
2025.0,6209,0.19514091872033468,329
2025.0,6210,0.21365960555149743,230
2025.0,6211,0.13602511232842987,531
2025.0,6212,0.3137801923500477,355
2025.0,6299,0.15717135447835628,415
2025.0,6402,0.13493415127818745,1043
2025.0,6403,0.15117328519855597,14
