acs_code,acs_title,eloundou_mean,handa_mean,handa_auto_mean,eisfeldt_mean,occ_top5_mean,eloundou_std,handa_std,handa_auto_std,eisfeldt_std
1101,Agriculture Production and Management,0.4085259193226346,0.14769823594516054,0.3295715569826867,0.2394877484940276,0.21687300391143646,-0.333760864,-0.439061404,0.009057312,-0.440465711
1102,Agricultural Economics,0.43104310051436373,0.16665707585931985,0.3369086984023852,0.2596856500713965,0.201025284,-0.012366084,-0.105759536,0.099039111,-0.135719999
1103,Animal Sciences,0.3400568989568613,0.11131737922810632,0.2820026236476931,0.1967356266996557,0.1331335155728707,-1.311040638,-1.078647346,-0.574322226,-1.085509246
1104,Food Science,0.42644039249847865,0.13689991228154852,0.3253672304840757,0.27913292225354247,0.127790711,-0.078061977,-0.628899045,-0.04250403,0.15770022617999976
1105,Plant Science and Agronomy,0.3454059317480258,0.099816851,0.31644738392514193,0.1968997562018709,0.093556719,-1.234692218,-1.280829937,-0.151895929,-1.083032862
1199,Miscellaneous Agriculture,0.43027261718386844,0.19768547453298096,0.3651623327872782,0.27348460421905646,0.22546216885839526,-0.023363434,0.439728652,0.4455382024365791,0.072478467
1301,Environmental Science,0.4107062712076774,0.13961265988021745,0.35748793632066844,0.26256202528283346,0.15611629756195539,-0.302640019,-0.58120816,0.35142035,-0.092321282
1302,Forestry,0.3493227604112546,0.075686776,0.3557087253022507,0.18242827043198856,0.074809699,-1.178786095,-1.705043615,0.32960032481091345,-1.301378477
1303,Natural Resources Management,0.3797043422649409,0.1142927376242061,0.34353173687855065,0.23067993897172304,0.12044362246318094,-0.745140261,-1.026339688,0.18026323884113712,-0.573357843
1401,Architecture,0.4454209103927062,0.10452606646141967,0.37327512990605133,0.25892937527827087,0.099881051,0.1928528998229477,-1.198040581,0.545032547,-0.147130664
1501,"Area, Ethnic, Cultural, Gender, and Group Studies (previously Area, Ethnic, Cultural, and Gender Studies)",0.44138389031656994,0.1925329472515301,0.36306210368844327,0.2808913501872013,0.234090066,0.13523124777472775,0.34914573754602485,0.41978125149142587,0.18423136714292074
1901,Communications,0.45950438370444485,0.22227267839268472,0.35798367806265463,0.2957223530014448,0.2573876016416091,0.39387072571795184,0.8719787788059592,0.35750006521769595,0.40800137144866244
1902,Journalism,0.5035578341887462,0.2289837829947055,0.37612693483796944,0.3331411680350921,0.3572854478048051,1.0226594231869455,0.9899619311295026,0.5800067312791913,0.972576033
1903,Mass Media,0.46955060274066135,0.20814815253768107,0.3974090492705599,0.27979079,0.2735987717310915,0.5372635567635439,0.6236655451026827,0.8410079609800136,0.16762612309306146
1904,Advertising and Public Relations,0.4822885379479186,0.2569597285438031,0.35706050799446964,0.32783771587843463,0.26222776571554696,0.7190760958351412,1.481787113547381,0.34617842122492165,0.8925576067399608
2001,Communication Technologies,0.4327720768111553,0.18854327035111626,0.3992443794484571,0.2306040282186952,0.21375520399666945,0.012312136164044488,0.27900606824009383,0.8635162241911462,-0.574503183
2100,Computer and Information Systems-General,0.5767908334058267,0.2518863459190309,0.34772139199274754,0.4140153189096494,0.555504762,2.0679369595257913,1.3925955853995589,0.23164465304654058,2.192804315804932
2101,Computer Programming,0.6143872530767567,0.28111267339476226,0.3620769080453784,0.4081966037252429,0.5430267702936097,2.6045624336825997,1.9064028423135213,0.4076989334891292,2.1050116062911797
2102,Computer Science,0.669856143,0.2667765488487468,0.35542996415387196,0.46062084948077164,0.6615013631369092,3.3962872763316803,1.654369642662226,0.3261816324272168,2.8959880389282002
2105,Information Sciences,0.5823886303498533,0.2641620325902934,0.3729297371375019,0.41920198615343784,0.5228915502417162,2.147836068686031,1.608405693615656,0.5407966925369505,2.2710606930716364
2106,Computer Administration Management and Security,0.5639582805989148,0.2619831811629517,0.34939066903590754,0.4239223739289707,0.5452169134573971,1.8847739138175874,1.570100857811872,0.25211646106900504,2.3422818509451497
2107,Computer Networking and Telecommunications,0.504689601,0.2232826354197277,0.37618133062254516,0.33845940770312083,0.42566538545217203,1.038813479,0.8897341143025875,0.5806738344803217,1.0528175739932628
2300,General Education,0.35085998451757117,0.133271461,0.39004150295366624,0.1978931914984088,0.076167852,-1.156844814,-0.692688257,0.7506532805427018,-1.068043921
2301,Educational Administration and Supervision,0.3185006588334225,0.077248815,0.39025791391554204,0.18527821504550923,0.068611111,-1.618719605,-1.677582519,0.7533073179199196,-1.258378545
2304,Elementary Education,0.3336128478767094,0.12439372979250443,0.4023738828980588,0.18153121985815404,0.043972237227205994,-1.403018598,-0.848761336,0.9018960689798856,-1.314913166
2305,Mathematics Teacher Education,0.3557784480441121,0.15509698430767133,0.3853086218029445,0.20585151920966638,0.056457635,-1.086642044,-0.308989276,0.6926098091442701,-0.947968762
2306,Physical and Health Education Teaching,0.33861611973044337,0.1283485738678806,0.33876774784988145,0.19251486260658468,0.084080618,-1.331605331,-0.779234038,0.12183826425967402,-1.149192087
2307,Early Childhood Education,0.3260023045479805,0.10823124225075323,0.40370039014205883,0.17753003077336155,0.057081365,-1.511646266,-1.132902523,0.9181641904105677,-1.375283062
2308,Science Teacher Education,0.36174836795666865,0.12743076309817064,0.368301047,0.20733945084723324,0.070601318,-1.001431507,-0.795369415,0.4840310011186903,-0.925518866
2309,Secondary Teacher Education,0.3524841500320075,0.14214489932333205,0.38396060043271996,0.20564334302198495,0.063344244,-1.133662591,-0.536690661,0.6760778411198519,-0.951109722
2310,Special Needs Education,0.33297754961429255,0.10172111922386252,0.43060089042704985,0.1938309452790214,0.042894035993866514,-1.412086409,-1.247352361,1.2480686120876843,-1.129335047
2311,Social Science or History Teacher Education,0.3669442879047982,0.13966464274062534,0.37550137926088956,0.2132431668015491,0.07533989,-0.927268514,-0.580294287,0.572334995,-0.836443666
2312,Teacher Education:  Multiple Levels,0.33314615972141004,0.1261329317998655,0.40770041754216646,0.17978679668554048,0.041290323,-1.409679784,-0.818185663,0.9672200336902336,-1.341233003
2313,Language and Drama Education,0.35332539457257456,0.14188003039318242,0.3869980645199111,0.20291750905281813,0.059469613259668506,-1.121655244,-0.541347134,0.7133289265061301,-0.992237074
2314,Art and Music Education,0.35925560251683997,0.13394583336145496,0.38574866839539895,0.19887657888754418,0.068179805,-1.037011529,-0.680832603,0.6980064863456852,-1.053206583
2399,Miscellaneous Education,0.3757266219700124,0.148691924,0.3590153081308327,0.22323753727733053,0.09731178,-0.801915509,-0.421592077,0.37015184928941836,-0.685648716
2400,General Engineering,0.4600593037739621,0.1288322832792194,0.32673655032281135,0.2951565567121427,0.17548599372132334,0.40179127368582307,-0.770730287,-0.02571086,0.3994646433744348
2401,Aerospace Engineering,0.5074132092931545,0.1146018000875781,0.3610813585104535,0.30750197396258194,0.17434506903268435,1.0776883996576792,-1.020906281,0.3954896366325359,0.5857321605401568
2402,Biological Engineering,0.47155711918760423,0.1278231630071259,0.3311651280706663,0.3156301167427686,0.17317427357735163,0.5659031945048131,-0.788470912,0.028600671838674003,0.7083694877459249
2403,Architectural Engineering,0.44441455328024787,0.093603812,0.2677606579357009,0.2773868775909162,0.11941783803955716,0.1784888495391492,-1.39005697,-0.748983939,0.13135592387168468
2404,Biomedical Engineering,0.48133388438459696,0.15021290542548407,0.33845461104783414,0.31890278381348075,0.21191650445099292,0.7054500265030906,-0.39485279,0.11799799309405269,0.7577474518442937
2405,Chemical Engineering,0.4744552841359426,0.10764070490861606,0.3678752137009566,0.32870005348681136,0.12015944590274709,0.6072696105944082,-1.14328434,0.4788086397676391,0.9055685469141574
2406,Civil Engineering,0.4430111226726808,0.069616495,0.20910077027576435,0.26554404149787125,0.059196523,0.1584572448857362,-1.811760897,-1.468381575,-0.047328654
2407,Computer Engineering,0.6543361505174446,0.2395330843211116,0.3478225717107093,0.4385105757810755,0.59805937,3.1747655599054596,1.175421687624067,0.2328855086434995,2.5623884770543053
2408,Electrical Engineering,0.5354928368685179,0.15065560696823208,0.35161261234418845,0.3413684143688251,0.2673341137329801,1.4784777193233214,-0.387069969,0.2793661000850772,1.096708633975054
2409,"Engineering Mechanics, Physics, and Science",0.4964221464975091,0.14749136508436808,0.354396585,0.3388975353885512,0.23018540195597176,0.9208095176836881,-0.442698253,0.31350839854210233,1.0594280396025786
2410,Environmental Engineering,0.4561603953874467,0.083815562,0.2714966875238942,0.30690096176004106,0.078684956,0.3461409330437979,-1.562137209,-0.703165733,0.5766640951615152
2412,Industrial and Manufacturing Engineering,0.4879247667092926,0.14970540887929498,0.361411238,0.3446855054790428,0.19466076899461818,0.7995237543622421,-0.403774725,0.39953524293570714,1.1467568674837885
2413,Materials Engineering,0.46123087458947765,0.11701522146451832,0.39576962817794287,0.3215198796483289,0.1389730712615811,0.41851347090266144,-0.978477638,0.8209023026571138,0.7972341644804803
2414,Mechanical Engineering,0.46891186875145496,0.10385586386325801,0.35403531985349795,0.3074838308080654,0.1095435224301383,0.5281467064672117,-1.209822936,0.3090778865308298,0.5854584168280736
2418,Nuclear Engineering,0.47767398081431234,0.11021892697013447,0.3890736047599909,0.30015648837451386,0.13104075140130284,0.6532110764657612,-1.097958453,0.738783096,0.4749035562807622
2419,Petroleum Engineering,0.46748296302444353,0.10538110815816357,0.2514018553370908,0.28541053472065336,0.13868795904740708,0.5077514874544881,-1.183008702,-0.949606279,0.2524167727540513
2499,Energy Systems Engineering,0.44998982166034635,0.10709692064171854,0.346686884,0.2805261999919045,0.11481605998553338,0.25806640144990006,-1.152844224,0.21895757765035723,0.17872198508715456
2500,Engineering Technologies,0.4521835219999382,0.1637833440788087,0.33740082393831844,0.2955226175204411,0.25763922571541953,0.28937777352189725,-0.156280569,0.10507447779684662,0.4049877647489675
2501,Engineering and Industrial Management,0.40699071878519233,0.1271343208994821,0.3459220806761258,0.2672448144763265,0.10785272075594657,-0.355673262,-0.800580955,0.2095781207129993,-0.021667411
2502,Electrical Engineering Technology,0.4694714424562856,0.15826873100276123,0.3375958462372618,0.29846752882932803,0.23602228629652916,0.5361336772295525,-0.253229055,0.10746620724668693,0.44942055358484945
2503,Industrial Production Technologies,0.4199897556937754,0.095053702,0.3774820528407016,0.27432473271658503,0.1355873793842855,-0.170133937,-1.36456748,0.5966257315304628,0.085154316
2504,Mechanical Engineering Related Technologies,0.4238547990912171,0.086535166,0.34976042283440106,0.2758867317226233,0.12161017918850264,-0.114966962,-1.514325793,0.2566510761045099,0.10872173981740409
2599,Energy Systems Technologies/Technicians,0.4458549275039956,0.12300436695263794,0.34351190307993024,0.2780957829371432,0.2070884996803029,0.19904776199802643,-0.873186735,0.18001999957814172,0.14205187979350797
2601,Linguistics and Comparative Language and Literature,0.4388826235634483,0.18536894791438832,0.36449709591572405,0.26594245758188373,0.22634357522747975,0.099529884,0.2232005653034025,0.4373798193930183,-0.041317357
2602,"French, German, Latin and Other Common Foreign Language Studies",0.43732332643520144,0.1843348433558193,0.3550200091495834,0.27546824110326734,0.21821605330504076,0.077273548,0.2050207092458195,0.32115399475614687,0.10240755804102028
2603,Other Foreign Languages,0.4514906190566807,0.19549109485094854,0.37067093408000074,0.28120344459902136,0.2466328437917223,0.27948775277724325,0.4011508245644297,0.51309501,0.18894024413198734
2901,Family and Consumer Sciences,0.3763212007619501,0.14197938645560415,0.3607158452564534,0.219634593,0.13865473535585882,-0.7934289,-0.539600425,0.39100702711231455,-0.740009897
3202,Pre-Law and Legal Studies,0.44765180282141176,0.2126644160396507,0.3853638511566439,0.29665938545041937,0.21062633102167858,0.22469512623241103,0.7030627585697022,0.6932871351344475,0.4221393065409738
3301,English Language and Literature,0.4473918009020266,0.19945859217949632,0.36824940557318986,0.2801849086570709,0.256957285,0.22098403739754496,0.47090057060718327,0.4833976827927707,0.1735725852507608
3302,Composition and Speech,0.45532945508672873,0.19815932283343926,0.3629701646154432,0.2828589973453953,0.2702739250836356,0.33428066185915767,0.44805904119353007,0.4186537220259405,0.21391920542169174
3401,Liberal Arts,0.3850072404042954,0.15236116266511196,0.3559135243762396,0.23035685613439716,0.1634962220450317,-0.669450335,-0.357085809,0.33211195542553124,-0.578232513
3402,Humanities,0.3978007196900716,0.1553710396726232,0.3544321208582673,0.23921514316728118,0.19159065985502982,-0.486844998,-0.304171304,0.313944205,-0.444578777
3600,Biology,0.39814108608141613,0.14857409830785617,0.3274808599691568,0.23466515975096874,0.16416347365163225,-0.481986842,-0.423663491,-0.016582738,-0.513228876
3601,Biochemical Sciences,0.4201913087688784,0.14524393926541015,0.366787912,0.2557437596963711,0.13550695,-0.167257107,-0.482208646,0.46547410739388745,-0.195195196
3603,Molecular Biology,0.4251263408901124,0.13840059161473087,0.34946721481153514,0.25943552050368096,0.1368333522856493,-0.096817847,-0.60251667,0.25305520903178325,-0.139493951
3604,Ecology,0.370524543,0.11642583655590519,0.31848103420208296,0.21677159543515068,0.095905701,-0.876166405,-0.988839194,-0.126955493,-0.783206774
3605,Genetics,0.40600661900903184,0.12545347545172436,0.34625175935766483,0.23485815666047646,0.094120961,-0.369719627,-0.830130702,0.21362125945094676,-0.510316941
3606,Microbiology and Immunology,0.41232195487485596,0.1433725867297582,0.3481775754936245,0.24857983131681954,0.15492586738917738,-0.27957886,-0.515107563,0.23723923130497623,-0.303284468
3608,Physiology,0.38023999470703584,0.14599145832624744,0.29005491224798907,0.21864346986510586,0.1432313058799719,-0.737494726,-0.469067046,-0.475569951,-0.754963954
3609,Zoology,0.3480585298897315,0.1034626703662919,0.28541535200707513,0.19873266315928317,0.11015233616194663,-1.196830854,-1.216735391,-0.532468946,-1.055377982
3611,Neuroscience,0.4291326155856396,0.14783615661023533,0.3316474932283284,0.25863183454215116,0.16015543640615795,-0.039635034,-0.436636719,0.034516338710658144,-0.151619956
3699,Miscellaneous Biology,0.4031803403565469,0.1308021922850372,0.3267889638557258,0.23978459558099097,0.13412512083966302,-0.410059987,-0.736098719,-0.025068067,-0.435986886
3700,Mathematics,0.508219697,0.2129691362577778,0.3648500596584301,0.33364801934104155,0.32667857498030156,1.0891996441797458,0.7084198277920369,0.4417085232526784,0.9802234
3701,Applied Mathematics,0.5536507289418022,0.24810346018238022,0.3733975801770433,0.3726253959347279,0.3825944419991804,1.7376510004176522,1.3260913643276018,0.546534262,1.5683136216613387
3702,Statistics,0.5448406292590394,0.2530742814647994,0.37390636172160724,0.3745401713384768,0.39301804017233577,1.6119016880891999,1.413479834529687,0.552773896,1.5972037315013776
4001,Intercultural and International Studies,0.438669953,0.19119235402621096,0.36432377336536825,0.2801591855500091,0.21460180371028603,0.096494371,0.32557772242983757,0.4352542129867079,0.17318447529959527
4002,Nutrition Sciences,0.39314316871633903,0.1371869893230556,0.2955075868269838,0.20989329487333305,0.11089944668075769,-0.553323682,-0.623852148,-0.408699021,-0.886986496
4007,Interdisciplinary Social Sciences,0.40670208016791864,0.157969005,0.3511911598704171,0.24777492509783422,0.14874364722709704,-0.359793092,-0.258498326,0.274197459,-0.315428884
4101,"Physical Fitness, Parks, Recreation, and Leisure",0.35271166170905977,0.131207458,0.30180927784830003,0.2051711996425167,0.1444154822723666,-1.130415246,-0.728974028,-0.331415859,-0.958233416
4801,Philosophy and Religious Studies,0.4238345409351579,0.17047979914936234,0.34872998462744714,0.2630472873524145,0.1943181608686835,-0.115256113,-0.038554959,0.2440139088720176,-0.084999653
5002,Atmospheric Sciences and Meteorology,0.4658701681703815,0.11530938766532126,0.36933910503320233,0.3046086093425935,0.1464306330575332,0.4847315613324302,-1.008466688,0.49676162273249963,0.5420771075688837
5003,Chemistry,0.41772470547473683,0.14474502639911055,0.3582280539939521,0.2606107495551724,0.12203314986831522,-0.202463708,-0.490979678,0.36049706153495303,-0.121762108
5004,Geology and Earth Science,0.42588576227326586,0.1288457004193477,0.3605531578832413,0.2622681820545885,0.13311023566456276,-0.085978388,-0.77049441,0.38901184920836895,-0.096754785
5007,Physics,0.4915646365151289,0.17425667614440943,0.36596053551599617,0.31235593093595104,0.24931197241070255,0.8514767562044956,0.027843626223171873,0.45532726237260246,0.658968609
5098,Multi-disciplinary or General Science,0.3956347297192533,0.14945320683313423,0.3081026880942356,0.22953218100318598,0.16967800066391617,-0.517760851,-0.40820851,-0.254234251,-0.590675202
5200,Psychology,0.3963396840913766,0.16217722653483954,0.33881743123544544,0.24002030822993706,0.17959568298086556,-0.507698817,-0.184516578,0.12244757517983543,-0.432430456
5299,Miscellaneous Psychology,0.40152918849070585,0.15340551487783582,0.3459659333721219,0.24367238298421484,0.15544462306455706,-0.433627395,-0.338725796,0.21011592477457094,-0.377327993
5301,Criminal Justice and Fire Protection,0.3681656997249081,0.12949540591356323,0.3688097269738421,0.21576468680184882,0.1536616766822876,-0.90983492,-0.7590724,0.49026939542551434,-0.798399
5401,Public Administration,0.4508740799324292,0.1799768877614386,0.3613210953570033,0.3011533590837813,0.2522473353024271,0.27068769674043086,0.12840659440156083,0.39842973978592755,0.48994433037398905
5402,Public Policy,0.46923428897659175,0.2112776369300176,0.3606162646647316,0.3224189404122561,0.23367451245901205,0.5327487113311364,0.6786827823014615,0.38978578300256966,0.8107991832142035
5403,Human Services and Community Organization,0.38959437977587075,0.14786050084585994,0.3506184090282084,0.2267722220079977,0.15133821031715197,-0.603976658,-0.43620874,0.2671733130917858,-0.632317433
5404,Social Work,0.37585756940545234,0.14173990180962773,0.3174124838798382,0.2207542918668359,0.1415912572770912,-0.800046455,-0.543810634,-0.140060062,-0.723115895
5500,General Social Sciences,0.4031043461704041,0.16025264132558087,0.3638583925681207,0.2391581217350067,0.20465618254702436,-0.411144676,-0.21835134,0.42954684021857936,-0.445439116
5501,Economics,0.49741619292914024,0.24809476423262497,0.355231835,0.3471426264917862,0.2854240291192019,0.9349978537640092,1.3259384870256652,0.32375180528952713,1.1838298817962976
5502,Anthropology and Archeology,0.4266447350703077,0.17680954629738968,0.3550828016773401,0.26475227307265387,0.2004894004432617,-0.075145332,0.072723819,0.3219240745812704,-0.059274848
5503,Criminology,0.39361066608560297,0.14855232665049556,0.36635097254767207,0.23747545980178913,0.18996771087067355,-0.546650946,-0.424046243,0.46011553403193056,-0.470827101
5504,Geography,0.4692868683880941,0.1716889067288677,0.36213444637932385,0.29966442784432085,0.2800205775669643,0.5334991937407724,-0.0172985,0.40840457652860573,0.4674793525138915
5505,International Relations,0.46872474188635366,0.20887524617310874,0.3620273756512508,0.3233854505234221,0.26776892945255903,0.5254757861085343,0.6364480606838451,0.4070914743093436,0.8253818769434131
5506,Political Science and Government,0.4572987538840525,0.20497674433373658,0.362454906,0.30800423660793674,0.2531913108943126,0.3623890804298604,0.5679112752178935,0.4123346598680062,0.5933102937062915
5507,Sociology,0.4167144374691703,0.16946655311963987,0.34974313025386383,0.2572286507939385,0.20016335395791127,-0.21688358,-0.056368117,0.2564390020270392,-0.172791176
5599,Miscellaneous Social Sciences,0.4969543762848903,0.19400041633732068,0.36507209888612413,0.31585671462373727,0.2680404994454581,0.9284062,0.3749442668413045,0.44443158498855645,0.7117883940353457
5901,Transportation Sciences and Technologies,0.358232149,0.10091730039645322,0.3217064398930591,0.17707247411364802,0.14485705234136192,-1.051619605,-1.261483728,-0.087399515,-1.382186672
6000,Fine Arts,0.40891281287376713,0.1746788356874889,0.3751891032702836,0.2183926167090288,0.16845498179973137,-0.328238611,0.035265313,0.5685052804626588,-0.758748823
6001,Drama and Theater Arts,0.3790974033574411,0.15444656233030862,0.36972729402862065,0.21564443831069002,0.16396926019053015,-0.75380329,-0.320423882,0.5015223247520957,-0.800213308
6002,Music,0.4082922244430036,0.14585389104167962,0.3651125827761848,0.22381563774952598,0.16625949565655682,-0.337096464,-0.471485519,0.4449280744291323,-0.676926343
6003,Visual and Performing Arts,0.37821096114020264,0.15013961331086195,0.35638746607214367,0.2112383423635603,0.14062066166890924,-0.766455758,-0.396141286,0.33792431800018374,-0.866692435
6004,Commercial Art and Graphic Design,0.44201180119100625,0.19785278917963744,0.40674482018633024,0.22420617839523257,0.13600047322344033,0.14419361636386066,0.44267009124959655,0.9555007054363562,-0.67103387
6005,"Film, Video and Photographic Arts",0.42827125304534325,0.1712111665658356,0.41354653271285413,0.21881983605539182,0.20316521388295086,-0.051929531,-0.02569731,1.0389160699724889,-0.752302943
6006,Art History and Criticism,0.44238935941041313,0.2003989297431496,0.3664157366837003,0.28150680947097967,0.23499786337830414,0.14958262309068143,0.4874319758805637,0.46090979341801847,0.19351740992141916
6007,Studio Arts,0.39409284237676423,0.1680012870552377,0.3864179077099192,0.21313729611197174,0.15906482734604396,-0.539768692,-0.082127916,0.7062139548567289,-0.838041042
6099,Miscellaneous Fine Arts,0.4859975685449506,0.20710040545322864,0.39707574426063674,0.28939906279613603,0.3238855677716929,0.7720162513131206,0.6052458495097579,0.8369203493974832,0.31259563967242116
6100,General Medical and Health Services,0.37361327134087996,0.13880827515969166,0.2970522927438382,0.21849062701256783,0.1586198228608511,-0.832080024,-0.595349476,-0.389754938,-0.757270045
6102,Communication Disorders Sciences and Services,0.3738604481958175,0.13726139072909274,0.3219073286439628,0.2135026194863141,0.13620585227975798,-0.828551992,-0.622544149,-0.08493584,-0.832529047
6103,Health and Medical Administrative Services,0.46506876676314174,0.20944335005490058,0.3545127256408927,0.2956197192276714,0.2772337677586004,0.47329290802676716,0.6464354905923078,0.3149327322967893,0.40645283421980216
6104,Medical Assisting Services,0.27554696132450374,0.055340475,0.2215896727339044,0.12766203318078784,0.07302033,-2.231811184,-2.062737447,-1.315219214,-2.127690851
6105,Medical Technologies Technicians,0.3330097942044416,0.068926553,0.27787969142154867,0.17555421168391852,0.045483006,-1.411626172,-1.823890287,-0.624885359,-1.405094198
6106,Health and Medical Preparatory Programs,0.37975541549388603,0.1488757966577024,0.28320080829385313,0.21622728613255085,0.14411192460384403,-0.744411277,-0.418359547,-0.559627837,-0.791419307
6107,Nursing,0.33582633092903214,0.073548596,0.058722071,0.1690727355846307,0.030174806907812702,-1.371424861,-1.742633432,-3.312607415,-1.502886637
6108,"Pharmacy, Pharmaceutical Sciences, and Administration",0.400904428,0.11528544577219373,0.2974222372345702,0.222433441,0.086890524,-0.442544794,-1.008887593,-0.385217985,-0.69778091
6109,Treatment Therapy Professions,0.33528832385247676,0.097124782,0.29665834152357884,0.18287748560531966,0.077755109,-1.379104004,-1.328157296,-0.394586308,-1.294600724
6110,Community and Public Health,0.41470820343894643,0.16705918977752662,0.33122152935202825,0.2541130783850163,0.18886718359346352,-0.245519187,-0.098690258,0.029292370205337905,-0.219798898
6199,Miscellaneous Health Medical Professions,0.3741099512705552,0.12198207131521366,0.2800570748768389,0.18809372142023048,0.10925613504869744,-0.824990756,-0.891158987,-0.598182197,-1.215898216
6200,General Business,0.4520798410008677,0.21117127960561094,0.346880784,0.2909334277320663,0.2550405580978747,0.2878979021465306,0.6768129898976271,0.22133553687324667,0.33574612063584974
6201,Accounting,0.5006526504635725,0.27322932729874133,0.37926405269324914,0.3523099383874529,0.1621034218386369,0.9811928258971137,1.7678113468112782,0.6184799582011623,1.261794225787384
6202,Actuarial Science,0.5307518086684175,0.17486114984129697,0.3274681847373239,0.3474362632489335,0.2591644632469593,1.410807538807786,0.038470448,-0.016738186,1.188260269898448
6203,Business Management and Administration,0.46383186316988356,0.21750853573780446,0.3503381522038789,0.29785869117674085,0.256649422,0.4556381956092533,0.7882237784186047,0.2637362779224784,0.4402344179035799
6204,"Operations, Logistics and E-Commerce",0.488190321,0.19345747057030968,0.37761145293681436,0.3412277614287732,0.28419948325790284,0.8033140984635321,0.3653991238385575,0.5982126783686549,1.0945864639913223
6205,Business Economics,0.5052784202652477,0.24980533922836407,0.3507646051277491,0.3464865395573756,0.28419509374741886,1.0472178871899456,1.3560108882548696,0.26896624404695224,1.173930849480222
6206,Marketing,0.47337393256841115,0.2583821778506488,0.3421915928325177,0.3071810281812727,0.25835099535802986,0.5918351409631027,1.506794182158942,0.1638278773502132,0.5808897341874013
6207,Finance,0.5005124072880864,0.2790397298735056,0.34629312291299247,0.34915647773846054,0.27638235457720606,0.9791910911255263,1.8699598980100036,0.21412853699799245,1.2142148468444234
6209,Human Resources and Personnel Management,0.45760513515681084,0.18362902975074194,0.3934915321047388,0.29784322867278407,0.19176195797825293,0.3667621563026631,0.1926123027288364,0.7929640130493693,0.4400011198171103
6210,International Business,0.4721643734160144,0.23188028510375763,0.35279813567582996,0.31028074224183255,0.2631936455095097,0.5745707243150068,1.0408832726676542,0.2939052121821165,0.6276581852062295
6211,Hospitality Management,0.41244119551331715,0.15634962388913465,0.34874159941732846,0.24843746534871963,0.15315841470670108,-0.277876901,-0.286967511,0.24415635122431972,-0.305432484
6212,Management Information Systems and Statistics,0.5649223304305147,0.258693139,0.3636871758076933,0.41891785295084943,0.48252191042855996,1.8985340990299322,1.512260965553574,0.42744705896054264,2.2667736944942005
6299,Miscellaneous Business,0.4641811696937128,0.22431381031530406,0.34589258928510785,0.302519611,0.23680847179112652,0.4606239570359158,0.9078624660407449,0.20921644192653996,0.5105583267552808
6402,History,0.41508006983825585,0.17096191421319373,0.36410880999648865,0.25671779094870956,0.20172768089082577,-0.240211421,-0.030079238,0.4326179287116694,-0.180499024
3600_5200,Biology/Psychology,0.3971253204040927,0.15623615657635737,0.33388800018713366,0.237686417,0.1728653118024608,-0.496485184,-0.288962299,0.06199364,-0.467644183
5200_5301,Psychology/Criminal Justice and Fire Protection,0.38655682026349847,0.15061376231114462,0.34912389358581947,0.23160218913617925,0.17059060763084602,-0.647332696,-0.38780561,0.24884475981265097,-0.559442943
5200_5507,Psychology/Sociology,0.40076027233956885,0.16378967576326064,0.3412511367273209,0.24374999906447525,0.18405812740548902,-0.444602376,-0.156169256,0.15229423952895746,-0.376156922
5501_6207,Economics/Finance,0.4991753265674132,0.2657200808617195,0.3500742654374152,0.34828670039404075,0.28028694492889583,0.9601065191902899,1.635796631089607,0.26050000312624233,1.2010916560161584
5506_6402,Political Science and Government/History,0.4403953047046177,0.19129562767025993,0.36310786317810934,0.2874892895613566,0.23258638504182647,0.1211208556841568,0.3273933028445979,0.42034244023567185,0.2837810025017532
6201_6207,Accounting/Finance,0.5005772951148022,0.2763220447999293,0.36203611444494327,0.3506156538131775,0.2235076848537475,0.980117255,1.8221822114713928,0.4071986457986736,1.2362308791122256
6203_6201,Business Management and Administration/Accounting,0.477029292,0.23782017805780373,0.361191584,0.3173696007902512,0.22276192962728608,0.644009236,1.1453083020393826,0.3968414255393839,0.7346148035664529
6203_6206,Business Management and Administration/Marketing,0.4677406184327192,0.233990413,0.3469556383550523,0.3016805602922191,0.25734644401385076,0.5114290838012993,1.0779799244932855,0.22225354476548176,0.49789873630052695
6207_6212,Finance/Management Information Systems and Statistics,0.5087007356846956,0.2764634145889185,0.3478874229542592,0.3580222048915221,0.3025885398432489,1.0960656671314863,1.8246675330894226,0.23368083630550218,1.3479808388047796
